--
-- PostgreSQL database dump
--

-- Dumped from database version 15.2
-- Dumped by pg_dump version 15.2

-- Started on 2023-03-14 02:37:17

SET statement_timeout = 0;
SET lock_timeout = 0;
SET idle_in_transaction_session_timeout = 0;
SET client_encoding = 'UTF8';
SET standard_conforming_strings = on;
SELECT pg_catalog.set_config('search_path', '', false);
SET check_function_bodies = false;
SET xmloption = content;
SET client_min_messages = warning;
SET row_security = off;

SET default_tablespace = '';

SET default_table_access_method = heap;

--
-- TOC entry 214 (class 1259 OID 16481)
-- Name: category; Type: TABLE; Schema: public; Owner: postgres
--

CREATE TABLE public.category (
    id integer NOT NULL,
    category_name text NOT NULL
);


ALTER TABLE public.category OWNER TO postgres;

--
-- TOC entry 215 (class 1259 OID 16486)
-- Name: category_id_seq; Type: SEQUENCE; Schema: public; Owner: postgres
--

CREATE SEQUENCE public.category_id_seq
    AS integer
    START WITH 1
    INCREMENT BY 1
    NO MINVALUE
    NO MAXVALUE
    CACHE 1;


ALTER TABLE public.category_id_seq OWNER TO postgres;

--
-- TOC entry 3363 (class 0 OID 0)
-- Dependencies: 215
-- Name: category_id_seq; Type: SEQUENCE OWNED BY; Schema: public; Owner: postgres
--

ALTER SEQUENCE public.category_id_seq OWNED BY public.category.id;


--
-- TOC entry 216 (class 1259 OID 16487)
-- Name: company; Type: TABLE; Schema: public; Owner: postgres
--

CREATE TABLE public.company (
    id integer NOT NULL,
    company_name text NOT NULL,
    address text NOT NULL,
    contact text NOT NULL,
    description text NOT NULL
);


ALTER TABLE public.company OWNER TO postgres;

--
-- TOC entry 217 (class 1259 OID 16492)
-- Name: company_id_seq; Type: SEQUENCE; Schema: public; Owner: postgres
--

CREATE SEQUENCE public.company_id_seq
    AS integer
    START WITH 1
    INCREMENT BY 1
    NO MINVALUE
    NO MAXVALUE
    CACHE 1;


ALTER TABLE public.company_id_seq OWNER TO postgres;

--
-- TOC entry 3364 (class 0 OID 0)
-- Dependencies: 217
-- Name: company_id_seq; Type: SEQUENCE OWNED BY; Schema: public; Owner: postgres
--

ALTER SEQUENCE public.company_id_seq OWNED BY public.company.id;


--
-- TOC entry 218 (class 1259 OID 16493)
-- Name: job; Type: TABLE; Schema: public; Owner: postgres
--

CREATE TABLE public.job (
    id integer NOT NULL,
    job_name text NOT NULL,
    job_description text NOT NULL,
    category_id integer,
    company_id integer NOT NULL,
    avail_seat text
);


ALTER TABLE public.job OWNER TO postgres;

--
-- TOC entry 219 (class 1259 OID 16498)
-- Name: job_id_seq; Type: SEQUENCE; Schema: public; Owner: postgres
--

CREATE SEQUENCE public.job_id_seq
    AS integer
    START WITH 1
    INCREMENT BY 1
    NO MINVALUE
    NO MAXVALUE
    CACHE 1;


ALTER TABLE public.job_id_seq OWNER TO postgres;

--
-- TOC entry 3365 (class 0 OID 0)
-- Dependencies: 219
-- Name: job_id_seq; Type: SEQUENCE OWNED BY; Schema: public; Owner: postgres
--

ALTER SEQUENCE public.job_id_seq OWNED BY public.job.id;


--
-- TOC entry 3183 (class 2604 OID 16617)
-- Name: category id; Type: DEFAULT; Schema: public; Owner: postgres
--

ALTER TABLE ONLY public.category ALTER COLUMN id SET DEFAULT nextval('public.category_id_seq'::regclass);


--
-- TOC entry 3184 (class 2604 OID 16618)
-- Name: company id; Type: DEFAULT; Schema: public; Owner: postgres
--

ALTER TABLE ONLY public.company ALTER COLUMN id SET DEFAULT nextval('public.company_id_seq'::regclass);


--
-- TOC entry 3185 (class 2604 OID 16619)
-- Name: job id; Type: DEFAULT; Schema: public; Owner: postgres
--

ALTER TABLE ONLY public.job ALTER COLUMN id SET DEFAULT nextval('public.job_id_seq'::regclass);


--
-- TOC entry 3352 (class 0 OID 16481)
-- Dependencies: 214
-- Data for Name: category; Type: TABLE DATA; Schema: public; Owner: postgres
--

INSERT INTO public.category VALUES (217, 'Accounting');
INSERT INTO public.category VALUES (257, 'Electrical Engineering');
INSERT INTO public.category VALUES (237, 'Civil Engineering');
INSERT INTO public.category VALUES (263, 'Computer Engineering');


--
-- TOC entry 3354 (class 0 OID 16487)
-- Dependencies: 216
-- Data for Name: company; Type: TABLE DATA; Schema: public; Owner: postgres
--

INSERT INTO public.company VALUES (111, 'Smart Home (Thailand) Co.,Ltd.', '71/5 พหลโยธิน 32 (เสนานิคม 1) ซอย9
แขวงเสนานิคม เขตจตุจักร กรุงเทพมหานคร 10900
โทรศัพท์ : 062-706-1283
', 'Smart Home (Thailand) Co.,Ltd.
แฟกซ์ : 02-579-3903
เว็บไซต์ : https://www.smarthome-thailand.com/
', 'บริษัทเราดำเนินธุรกิจเกี่ยวกับระบบ Home Automation แบบครบวงจร ตั้งแต่รับปรึกษา ออกแบบ จำหน่ายอุปกรณ์ ติดตั้งและเซอร์วิส ปัจจุบันทางเรากำลังขยายงานจึงต้องการบุคคลากรเพิ่มเป็นจำนวนมาก

ตัวอย่างโครงการที่ทางเรากำลังดำเนินติดตั้ง
- The Icon Siam Superlux Condominium
- Four Seasons Private Residence
- Chiva-Som Health resort&hotel Huahin');
INSERT INTO public.company VALUES (124, 'บริษัท เอ็นพีเอส แอคเคาท์ติ้ง จำกัด', '28/64 หมู่บ้านนลินอเวนิว ถ.รามคำแหง
แขวงราษฎร์พัฒนา เขตสะพานสูง กรุงเทพมหานคร 10240
โทรศัพท์ : 064-594-4944
', 'บริษัท เอ็นพีเอส แอคเคาท์ติ้ง จำกัด
', 'สำนักงานบัญชี ที่ทำงานกันด้วยระบบพี่น้อง ทำงานกันเป็นทีม มีการอบรมและพัฒนาความรู้ให้กับพนักงานอย่างสม่ำเสมอ และดูแลลูกค้าด้วยความใส่ใจ ละเอียด และรอบคอบ ซึ่งงานบริการ มีดังนี้
1.จัดทำบัญชีและภาษีอากร ทั้งแบบรายเดือน และรายปี 
2.จัดทำรายงานภาษี สรุปภาษี และรายละเอียดประกอบงบการเงิน
3.บริการสอบบัญชี
4.บริการด้านประกันสังคม
5.บริการเกี่ยวกับงานทะเบียนต่างๆ
6.บริการวางแผนภาษี
ึ7.บริการวางระบบบัญชี ');
INSERT INTO public.company VALUES (136, 'บริษัท แลนดี้ โฮม (ประเทศไทย) จำกัด', '', '', 'ดำเนินธุรกิจรับสร้างบ้านบนที่ดิน โดยการพัฒนาผลิตภัณฑ์ด้านเทคโนโลยีการก่อสร้างบ้านที่ทันสมัยสร้างสรรค์ผลงานที่มีคุณภาพโดยทีมงานมืออาชีพ และผู้เชี่ยวชาญในด้านการก่อสร้าง ภายใต้ระบบบริหารคุณภาพ ISO 9001 : 2015  อีกทั้งยึดมั่นและเสริมสร้างความสัมพันธ์อันดีต่อผู้บริโภคและความรับผิดชอบที่มีต่อสังคมส่วนรวม 
');
INSERT INTO public.company VALUES (148, 'บริษัท คอมฟอร์ท แมกซ์ จำกัด', '176 ซอยกาญจนาภิเษก 5
แขวงหลักสอง เขตบางแค กรุงเทพมหานคร 10160
โทรศัพท์ : 065-505-6444
', 'บริษัท คอมฟอร์ท แมกซ์ จำกัด
แฟกซ์ : 02-802-9474
เว็บไซต์ : https://www.platinumfac.com, http://www.property-d.com, https://factoryyard.co.th/, https://www.facebook.com/The-excapital-HOTEL-648770175594191/?ti=as, https://www.facebook.com/KIN.Rehabilitation/?ti=as
 LINE ID: comfortmaxx
', 'ประกอบกิจการประเภทการเช่าและการดำเนินการเกี่ยวกับการพัฒนาอสังหาริมทรัพย์ที่เป็นแนว  Factory สร้างบ้าน พัฒนาที่ดิน โรงแรม resort และอื่นๆ
www.Platinumfac.com
www.Property-D.com
www.parkfac.com

เป็นนักพัฒนาอสังหาริมทรัพย์ในนาม แฟคทอรี่ ยาร์ด
www.Factoryyard.co.th

มีบริษัทในเครือ ทำธุรกิจหลายหลาก
เช่น ตัวแทนจำหน่ายสินค้าทั่วประเทศ ในนาม บริษัท วิคเตอร์ มาร์เก็ตติ้ง จำกัด WWW.VictorM.COM');
INSERT INTO public.company VALUES (166, 'Planet Communications Asia Public Co., Ltd.', '157 ซอยรามอินทรา 34 ถนนรามอินทรา
แขวงท่าแร้ง เขตบางเขน กรุงเทพมหานคร 10230
โทรศัพท์ : 02-792-2435
', 'Planet Communications Asia Public Co., Ltd.
แฟกซ์ : 02-792-2499
เว็บไซต์ : http://www.planetcomm.com/
', 'แพลนเน็ตคอม (PlanetComm) เป็นบริษัทมหาชน ที่จดทะเบียนในตลาดหลักทรัพย์แห่งประเทศไทย (mai) ตั้งแต่ปี 2557ใช้ชื่อย่อ “PCA” ภายใต้กลุ่มเทคโนโลยี  เป็นผู้นำทางด้านนวัตกรรมเทคโนโลยี่สื่อสารโทรคมนาคม อาทิ Satcom, Wireless, IP Network, IP PBX, VIDEO CONFERENCE และ Digital Broadcast จำหน่ายให้กับ บริษัทชั้นนำ หน่วยงานราชการ  และสถานีโทรทัศน์ ซึ่งมีชื่อเสียงและความมั่นคงสูง ยอดขายประมาณปีละ 1000 ล้านบาท กำลังขยายงานต้องการรับสมัครผู้ร่วมงานที่รักความก้าวหน้าและมีความสามารถมาร่วมงาน ดังนี้');
INSERT INTO public.company VALUES (112, 'บริษัท ที เทรด (ไทยแลนด์) จำกัด', '107/11 เอกชัย  บางบอนเหนือ ซอยรางโพธิ์ ถนนพรหมราษฎร์
แขวงบางบอนเหนือ เขตบางบอน กรุงเทพมหานคร 10150
โทรศัพท์ : 099-183-6077
', 'บริษัท ที เทรด (ไทยแลนด์) จำกัด
 LINE ID: tl200865
', 'บริษัทขายสินค้าประเภท เครื่องครัว ของใช้ภายในบ้าน ของใช้เบ็ดเตล็ด และของใช้ภายในบ้าน ต้องการรับสมัครพนักงานที่มีประสบการณ์ มีความขยัน ตั้งใจทำงาน มีความรับผิดชอบสูง');
INSERT INTO public.company VALUES (125, 'Bangkok Percussion Co., Ltd.', '392 หมู่ที่ 10
ตำบลคลองมะเดื่อ อำเภอกระทุ่มแบน จังหวัดสมุทรสาคร 74110
โทรศัพท์ : 080-080-4616
', 'Bangkok Percussion Co., Ltd.
', 'บริษัท บางกอกเพอคัสชั่น จำกัด ผู้ผลิตและส่งออกสินค้าประเภทเครื่องดนตรีมาเป็นเวลามากกว่า 40 ปีภายใต้แบรนด์ MEINL ประเทศเยอรมนี');
INSERT INTO public.company VALUES (138, 'บริษัท ไทยแลนด์ แอนทราไซท์ จำกัด และบริษัทในเครือ', 'สำนักงานใหญ่ 240/40 อาคารอโยธยาทาวเวอร์ ชั้น 20 ถนนรัชดาภิเษก
แขวงห้วยขวาง เขตห้วยขวาง กรุงเทพมหานคร 10310
โทรศัพท์ : 02-274-1455 ต่อ 503, 098-654-2511, 080-684-4569
', 'บริษัท ไทยแลนด์ แอนทราไซท์ จำกัด และบริษัทในเครือ
เว็บไซต์ : http://www.thailandanthracite.com, http://www.easternpearl.co.th, http://berkanapower.com/
', 'บริษัท ไทยแลนด์ แอนทราไซท์ จำกัด และบริษัทในเครือ เป็นผู้นำด้านถ่านหินและเชื้อเพลิงชีวมวลมานานกว่า 30 ปี บริษัทมีการเจริญเติบโตอย่างต่อเนื่องจนปัจจุบัน ด้วยทุนจดทะเบียนรวมกว่า 200 ล้านบาท เรามุ่งเน้นการพัฒนาคุณภาพของสินค้า เพื่อการส่งมอบและการให้บริการที่มีมาตรฐาน เพื่อให้ลูกค้าได้รับสิ่งที่ดีที่สุด อีกทั้งยังคงรักษาจิตสึกนึก ความรับผิดชอบต่อสังคมและสิ่งแวดล้อม');
INSERT INTO public.company VALUES (149, 'บริษัท แลนด์ แอนด์ เฮ้าส์ จำกัด (มหาชน)', 'เลขที่ 1 อาคารคิวเฮ้าส์ลุมพีนี ชั้นที่ 37-38 ถนนสาทรใต้
แขวงทุ่งมหาเมฆ เขตสาทร กรุงเทพมหานคร 10120
โทรศัพท์ : 064-945-3996
', 'บริษัท แลนด์ แอนด์ เฮ้าส์ จำกัด (มหาชน)
เว็บไซต์ : https://job.lh.co.th/th/job
 LINE ID: lhrecruitment
', 'เราเป็นหนึ่งในกลุ่มธุรกิจพัฒนาอสังหาริมทรัพย์ของประเทศ เรามอบที่อยู่อาศัยที่ดีและมีความสุขให้แก่ลูกค้า ที่ครบถ้วนและหลายหลาย และสำหรับคุณ นี่หมายถึงโอกาสการทำงานที่กว้างไกลและหลากหลาย

นอกจากนี้ ชื่อเสียงของบริษัทฯ ที่ได้รับรางวัลระดับประเทศอย่างมากมาย คุณลองนึกภาพดูว่าคุณจะสามารถเรียนรู้อะไรได้บ้างจากบุคคลเหล่านี้ ที่มีทั้งทักษะ ความสามารถ และประสบการณ์จนทำให้ Land & Houses ได้รับการยกย่องชมเชยเช่นนี้

และที่สำคัญที่สุด บริษัทฯ ได้มีการฝึกอบรมพนักงานในบริษัทฯ อย่างต่อเนี่อง หลักสูตรการฝึกอบรมจะจัดขึ้นให้สอดคล้องกับลักษณะการทำงานแต่ละหน่วยงาน เพื่อจะส่งผลการพัฒนาศักยภาพของพนักงานอย่างสม่ำเสมอ

ไม่ว่าสิ่งทีคุณกำลังหาอยู่คืออะไร เราเชื่อว่าคุณจะพบกับประสบการณ์ที่มีค่าจากการมาร่วมงานกับเรา');
INSERT INTO public.company VALUES (167, '360 Quality Management Co., Ltd.', 'เลขที่ 9 อาคาร G Tower Grand Rama 9 ชั้น 31  North Wing
แขวงห้วยขวาง เขตห้วยขวาง กรุงเทพมหานคร 10310
โทรศัพท์ : 063-487-7516
', '360 Quality Management Co., Ltd.
เว็บไซต์ : http://www.360qm.co.th
', 'บริษัท สาม หก ศูนย์ ควอลิตี้ แมนเนจเม้นท์ เป็นบริษัทที่ดำเนินธุรกิจในด้านการสรรหาบุคคลากร เพื่อคัดสรรพนักงานเข้าปฎิบัติงานในบริษัทชั้นนำของประเทศ ด้วยทีมงานที่มีความเชี่ยวชาญด้านการสรรหาบุคคลากร ใน สายอาชีพ Finance , Accounting ,Sales , Business Development, Human Resource ,IT และตำแหน่งอื่นๆ 

โดยการคัดเลือกผู้สมัครงาน ตระหนักถึง คุณภาพ ความเหมาะสมกับ องค์กรลูกค้า  และความรวดเร็วในการให้บริการเป็นหลัก เพื่อลูกค้า จะได้คนตามเป้าหมาย เพื่อการดำเนินธุรกิจต่อไป 

ซึ่งองค์กรชั้นนำ จากต่างประเทศ และ บริษัท ในไทย ไว้วางใจ ให้ทาง 360QM ได้สรรหาให้ตลอดมา');
INSERT INTO public.company VALUES (113, 'บริษัท ไทยพัฒนาประกันภัย จำกัด (มหาชน)', '34 ซอยสุขุมวิท 4 (นานาใต้) ถนนสุขุมวิท
แขวงคลองเตย เขตคลองเตย กรุงเทพมหานคร 10110
โทรศัพท์ : 02-253-4141 ต่อ 228
', 'บริษัท ไทยพัฒนาประกันภัย จำกัด (มหาชน)
แฟกซ์ : 02-253-0550
เว็บไซต์ : https://www.thaipat.co.th
', 'ประกันวินาศภัย
');
INSERT INTO public.company VALUES (126, 'บริษัท อาร์เอฟเอส จำกัด', '270 ชั้น 8 อาคารสมเด็จพระเทพรัตน์ฯ ถนนพระรามที่ 6
แขวงทุ่งพญาไท เขตราชเทวี กรุงเทพมหานคร 10400
โทรศัพท์ : 02-764-6555 ต่อ 6203 , 065-717-3177
', 'บริษัท อาร์เอฟเอส จำกัด
เว็บไซต์ : http://www.rfs.co.th
', 'บริษัท อาร์เอฟเอส จำกัด ในเครือโรงพยาบาลรามาธิบดี จัดตั้งขึ้นโดยคณะแพทยศาสตร์โรงพยาบาลรามาธิบดี 
เป็นผู้ให้บริการจัดการสิ่งอำนวยความสะดวกในโรงพยาบาลรามาธิบดี(พญาไท) และสถาบันการแพทย์จักรีนฤบดินทร์(บางพลี) ได้แก่ บริหารจัดการเครื่องมือแพทย์,บริหารจัดการวิศวกรรมการบริการ,โลจิสติกส์บริการจัดการขนส่ง-คลังสินค้า,บริการอาหารโภชนาการและบริการสิ่งอำนวยความสะดวกด้านความสะอาดและรักษาความปลอดภัย
ดำเนินการมาแล้วกว่า 10 ปี รวมถึงเป็นต้นแบบและให้คำปรึกษาด้านการบริหารจัดการสิ่งอำนวยความสะดวกให้แก่โรงพยาบาลทั่วประเทศ องค์กรมีความมั่นคงสูง พร้อมไปด้วยบุคลากรต้นแบบในสาขาวิชาชีพต่างๆมากมาย พนักงานกว่า 900 คน มุ่งผลการดำเนินการในภาพรวมเพื่องค์กร บุคลากร และสังคม');
INSERT INTO public.company VALUES (139, 'บริษัท ซีพี ออลล์ จำกัด (มหาชน) / CP ALL PLC.', '58/28 ม.2 ชั้น 11 อาคาร The TARA ถนนแจ้งวัฒนะ
ตำบลบางตลาด อำเภอปากเกร็ด จังหวัดนนทบุรี 11120
โทรศัพท์ : 02-071-1726
', 'บริษัท ซีพี ออลล์ จำกัด (มหาชน) / CP ALL PLC.
เว็บไซต์ : http://job.cpall.co.th
', 'บริษัทในเครือเจริญโภคภัณฑ์ ดำเนินกิจการร้านสะดวกซื้อในชื่อ "เซเว่นอีเลฟเว่น" ปัจจุบันมีสาขาร้านไม่น้อยกว่า 10,000 สาขาทั่วประเทศ มีความประสงค์จะรับบุคลากรในสายสำนักงาน และสายร้านสาขา จำนวนมากมาร่วมงานกับบริษัทฯ ดังนี้');
INSERT INTO public.company VALUES (151, 'IACG Co.,Ltd.', '50/288 หมู่ที่ 9
ตำบลบางพูด อำเภอปากเกร็ด จังหวัดนนทบุรี 11120
โทรศัพท์ : 082-547-4941
', 'IACG Co.,Ltd.
แฟกซ์ : 02-961-0830
เว็บไซต์ : http://www.iacg.co.th
 LINE ID: 0825474941
', 'ดำเนินธุรกิจมาตั้งแต่ปี พศ. 2545 เกี่ยวกับออกแบบติดตั้งระบบควบคุมอัตโนมัติ, ออกแบบและติดตั้งระบบไฟฟ้าทุกชนิด, งานก่อสร้าง, ระบบงานสารสนเทศต่างๆ, งาน Programming Software, งาน IoT ในงานอุตสาหกรรม ซึ่งบริษัทต้องการหาคนรุ่นใหม่ที่มีไฟ มีความรับผิดชอบ ที่พร้อมจะเติบโตไปกับบริษัท');
INSERT INTO public.company VALUES (168, 'Turnkey Communication Services Public Company Limited', '44/44 ถ.วิภาวดี 60 แยก18-1-2
แขวงตลาดบางเขน เขตหลักสี่ กรุงเทพมหานคร 10210
โทรศัพท์ : 02-401-8222 ต่อ 1202
', 'Turnkey Communication Services Public Company Limited
แฟกซ์ : 02-940-9868
เว็บไซต์ : http://www.tkc-services.com
 LINE ID: hr-tkc
', 'บริษัท เทิร์นคีย์ คอมมูนิเคชั่น เซอร์วิส จำกัด (มหาชน) 
ก่อตั้งขึ้นเมื่อปี พ.ศ. 2545 ด้วยทีม วิศวกรที่มีความเชี่ยวชาญและประสบการณ์ในสายงานสื่อสารโทรคมนาคม (Telecommunication) และสายงานเทคโนโลยีสารสนเทศ (ICT Solutions and Services) บริษัทฯ ดำเนิน ธุรกิจเป็นที่ปรึกษา ออกแบบเครือข่าย จัดหาอุปกรณ์ บริการติดตั้ง งานบริหารโครงการ การบริหารจัดการระบบ และ การบำรุงรักษาระบบเทคโนโลยีสารสนเทศและการสื่อสารที่ทันสมัย แบบครบวงจร ระบบเครือข่าย สัญญาณสมัยใหม่ The 3rd Generation Mobile Network , Long - Term Evolution : LTE รวมถึงรับออกแบบ เครือข่ายสัญญาณ โทรศัพท์เคลื่อนที่ (Radio Frequency Planning) งานออกแบบชุมสาย(BSC) และบริการ Outsource Managed Services เป็นต้น
สายงานเทคโนโลยีสารสนเทศ (ICT Solutions and Services) บริษัทฯ ดำเนินธุรกิจเป็นที่ปรึกษา ออกแบบพัฒนาระบบงาน Billing Real Time จัดจำหน่ายอุปกรณ์ และบริการติดตั้ง อุปกรณ์เครือข่ายคอมพิวเตอร์ ระบบสื่อสารข้อมูล การติดตั้งระบบคอมพิวเตอร์และระบบงานโทรคมนาคม งานบริหารโครงการการบำรุงรักษาระบบเทคโนโลยีสารสนเทศและการสื่อสาร เพื่อสามารถตอบสนองความต้องการของลูกค้าได้ อย่างครบวงจร อาทิเช่น Routing & Switching, Security Solutions, Wireless Solutions, Network Optimizations, Video Solutions, Business Solutions นอกจากนี้บริษัทฯได้ขยายฐานธุรกิจและได้เพิ่มความเชี่ยวชาญในเรื่องการสื่อสารโครงข่าย อินเตอร์เน็ตและระบบ ฐานข้อมูล โดยดำเนินการด้าน System Integrator และ Implementer');
INSERT INTO public.company VALUES (114, 'บริษัท เจดับบลิว เรียลเอสเตท จำกัด (สำนักงานใหญ่)', '9 ซอยสรณคมน์ 12 ถนนสรณคมน์
แขวงสีกัน เขตดอนเมือง กรุงเทพมหานคร 10210
โทรศัพท์ : 085-920-4444
', 'บริษัท เจดับบลิว เรียลเอสเตท จำกัด (สำนักงานใหญ่)
', 'ประกอบกิจการขายอสังหาริมทรัพย์ จัดสรรที่ดินเปล่า');
INSERT INTO public.company VALUES (127, 'C.H.H. INDUSTRY CO., LTD.', '9/1 หมู่ 2 ถนนบางเลน-ลาดหลุมแก้ว
ตำบลขุนศรี อำเภอไทรน้อย จังหวัดนนทบุรี 11150
โทรศัพท์ : 02-921-9979-80
', 'C.H.H. INDUSTRY CO., LTD.
แฟกซ์ : 02-921-9978
เว็บไซต์ : http://www.chhindustry.com
 LINE ID: @hr_chh
', 'C.H.H. INDUSTRY CO., LTD. หรือ บริษัท ชื้อฮะฮวด อุตสาหกรรม จำกัด และกลุ่มบริษัทในเครือ ดำเนินกิจการมากว่า 50ปี เป็นโรงงานผู้ผลิตและให้บริการอย่างครบวงจรในอุตสาหกรรมวัสดุก่อสร้าง

โดยบริษัทฯทำการผลิตและจัดจำหน่ายผลิตภัณฑ์ วงกบ,ประตู,ไม้พื้น ให้กับกลุ่มลูกค้าประเภท ที่พักอาศัย,หมู่บ้าน,คอนโดมิเนียม,โรงแรม,โรงพยาบาล,อาคารสำนักงาน

บริษัทฯมีความมุ่งหมายที่จะพัฒนาผลิตภัณฑ์และการบริการให้ตอบโจทย์ความต้องการของลูกค้าอย่างต่อเนื่อง

จุดมุ่งหมายขององค์กร (Purpose) : We thrive to deliver "First-Impression" and "Safetyness" to your living space.
 
ค่านิยมหลัก(Core Values) ที่องค์กรยึดถือ
 1.Customer Centric -เราเชื่อว่าการดำเนินงานบนพื้นฐานความเข้าใจความต้องการของคู่ค้าและสร้างประสบการณ์ที่ดีให้กับคู่ค้าจะนำมาซึ่งความสำเร็จในระยะยาว 
 2.Hard-work+Smart-work -เราเชื่อว่านอกจากความขยันและความทุ่มเทในการทำงานแล้วความเข้าใจในงานจะช่วยเพิ่มประสิทธิภาพการทำงานและลดเวลาการทำงานลง 
 3.Honor&Integrity -เราเชื่อว่าเราควรมีความซื่อสัตย์และความจริงใจในการทำงานต่อทุกภาคส่วน ทั้งต่อองค์กร/คู่ค้า/เพื่อนร่วมงาน/และตนเอง 
 4.Collaboration -เราเชื่อว่าองค์กรที่ประสบความสำเร็จ มีส่วนประกอบของทีมงานที่ช่วยส่งเสริมการทำงานเพื่อบรรลุเป้าหมายร่วมกัน 
 5.Humble -เราเชื่อว่าพนักงานทุกคนมีคุณค่าในแบบของตัวเองซึ่งช่วยส่งเสริมการทำงานซึ่งกันและกัน 
 6.Happy Workplace -เราเชื่อว่าพนักงานจะมีประสิทธิภาพการทำงานสูงสุดเมื่อพนักงานมีความสุข เราจึงมุ่งมั่นพัฒนาองค์ประกอบและสภาพแวดล้อมการทำงานเพื่อให้เกิดความสุขของพนักงานและองค์กร ');
INSERT INTO public.company VALUES (140, 'บริษัท ซีแพนเนล จำกัด(มหาชน) CPANEL Public CO.,LTD.', '85 หมู่ 9
ตำบลหนองอิรุณ อำเภอบ้านบึง จังหวัดชลบุรี 20220
โทรศัพท์ : 038-110-868-105, 087-773-4426
', 'บริษัท ซีแพนเนล จำกัด(มหาชน) CPANEL Public CO.,LTD.
แฟกซ์ : 038-110-875
เว็บไซต์ : http://www.cpanel.co.th
 LINE ID: @869vibmo
', 'เป็นผู้ผลิตและจำหน่ายผนังคอนกรีตสำเร็จรูป (Precast Concrete Wall Panel) สำหรับงานก่อสร้างทุกประเภท ทั้งโครงการอสังหาริมทรัพย์เพื่อการอยู่อาศัย โรงงานอุตสาหกรรม ระบบสาธารณูปโภคและโครงสร้างพื้นฐาน ภายใต้เครื่องหมายการค้า “CPanel” ซึ่งผลิตด้วยเทคโนโลยี และเครื่องจักรการผลิตระบบอัตโนมัติ Fully Automatic.');
INSERT INTO public.company VALUES (154, 'บริษัท ยิบอินซอย จำกัด (Yip In Tsoi & Co.,Ltd. - YipInTsoi Group)', '523 ถนนมหาพฤฒาราม
แขวงมหาพฤฒาราม เขตบางรัก กรุงเทพมหานคร 10500
โทรศัพท์ : 086-340-4598 หรือ 02-353-8600 ต่อ 2113
', 'บริษัท ยิบอินซอย จำกัด (Yip In Tsoi & Co.,Ltd. - YipInTsoi Group)
แฟกซ์ : 02-353-8680
เว็บไซต์ : http://www.yipintsoi.com
', 'บริษัท ยิบอินซอย จำกัด และบริษัทในเครือ ดำเนินธุรกิจหลักด้านระบบงานคอมพิวเตอร์แบบครบวงจรนอกจากนี้ยังดำเนินธุรกิจด้านการจำหน่าย  สินค้าด้านวิศวกรรมไฟฟ้า, อิเล็กทรอนิกส์, และโทรคมนาคม, วัสดุก่อสร้างและเครื่องเหล็ก, ปุ๋ยเคมีเกษตร, สี  และติดตั้งซ่อมบำรุงระบบเครื่องปรับอากาศ โดยมีประสบการณ์มายาวนานกว่า  80  ปี  ต้องการรับผู้มีความสามารถและประสบการณ์มาร่วมงานกับบริษัทหลายอัตรา

บริษัทในเครือ (บริษัท ยิบอินซอย จำกัด)

บริษัท ยิบอินซอยและแย๊คส์ จำกัด 
Yip In Tsoi & Jacks Ltd. 
•เป็นผู้ผลิตและจาหน่ายปุ๋ยและเคมีเกษตรตราใบไม้ และตราหัวคนป่า ได้รับการรับรองระบบบริหารคุณภาพมาตรฐานสากล ISO 9001:2015 
•จาหน่ายวัสดุอุปกรณ์ก่อสร้าง 
- สินค้าวัสดุสิ้นเปลือง ตัด ขัด ถู 
- หินลับมีด หินเจียร และหินลับมีดกรีดยาง 
- สินค้าฮาร์ดแวร์ มอเตอร์หินเจียร ปั๊มน้า ฟอยล์หลังคากันความร้อน บานพับ วาวล์ประหยัดน้า ใบเลี่อยไม้ และอื่นๆ 
- สินค้าประหยัดพลังงาน หลอดไฟแอลอีดี และ หลอดไฟแอลอีดีไล่ยุง 
- เครื่องมือทางการเกษตร และวัสดุสิ้นเปลืองทางการเกษตร 

บริษัท ซีสซั่นส์เพ้นท์ส (ประเทศไทย) จำกัด 
Sissons Paints (Thailand) Ltd. 
เป็นผู้ผลิตและจาหน่ายสีหลายประเภท อาทิ สีสาหรับงาน พื้นอุตสาหกรรม (พื้นอิพอกซี่ปรับระดับ, สีทาพื้นอิพอกซี่, พื้นโพลียูรีเทน ฯลฯ) สีสาหรับพ่นตู้คอนเทนเนอร์, สีรองพื้นกันสนิม, สีน้ามัน, น้ายาลอกสี, สีกัลวาไนซ์, สีสาหรับงาน กันซึม, สีน้าทาอาคาร, สีทนความร้อน, สนามกีฬาโพลียูรีเทน, สีจราจรโคลด์พลาสติก, ระบบพื้นโรยเกล็ดพอลิเมอร์ เป็นต้น ได้รับการรับรองระบบบริหารคุณภาพมาตรฐานสากล ISO 9001:2015 และ มอก. ภายใต้นโยบาย “เราจะผลิตและจาหน่ายสีที่มีคุณภาพคงทนด้วยความรับผิดชอบ และเป็นที่พึงพอใจของลูกค้า”

บริษัท ทีซีซีแอล จำกัด 
TCCL Company Limited 
ประกอบธุรกิจเกี่ยวกับระบบไฟฟ้าของภาครัฐและเอกชน ขอบเขตงานประกอบด้วยงานระบบ งานวิศวกรรม งานการออกแบบและการจัดหาผลิตภัณฑ์ งานรับเหมาก่อสร้างและการจัดการโครงการและงานอื่นๆ ตามความต้องการของลูกค้า

บริษัท ยิบอินซอย เอ็นเนอร์ยี จำกัด 
Yipintsoi Energy Co., Ltd. 
ดาเนินธุรกิจด้าน Power & Energy, ธุรกิจโรงไฟฟ้า รวมถึงสถานีไฟฟ้าย่อย (Electrical Substation) และระบบสายส่งกระแสไฟฟ้า (Transmission Line) ด้วยผลิตภัณฑ์และบริการด้านวิศวกรรมชั้นสูง โดยมุ่งเน้นกล');
INSERT INTO public.company VALUES (169, 'บริษัท เอช เทค เทคโนโลยี จำกัด', '503 ถ.พระราม 2
แขวงแสมดำ เขตบางขุนเทียน กรุงเทพมหานคร 10150
โทรศัพท์ : 063-863-9222
', 'บริษัท เอช เทค เทคโนโลยี จำกัด
', 'เรามีประสบการณ์ติดตั้งระบบจัดเก็บสินค้าสำหรับคลังสินค้าขนาดกลางและขนาดใหญ่ ทั้งแบบ Manual, Semi Auto และ Auto เราเป็นผู้เชียวชาญด้านการให้คำแนะนำและช่วยเหลือลูกค้าในการวางระบบ,ออกแบบและจัดสรรพื้นที่ให้มีประสิทธิภาพการใช้งานเหมาะสมที่สุดด้วยงบประมาณที่เหมาะสม');
INSERT INTO public.company VALUES (115, 'บริษัท โฮสมานน์ ลีเกิล จำกัด', '5/104 ซอยหมู่บ้านทางรถไฟฝั่งตะวันตก
ตำบลหัวหิน อำเภอหัวหิน จังหวัดประจวบคีรีขันธ์ 77110
โทรศัพท์ : 097-220-4029
', 'บริษัท โฮสมานน์ ลีเกิล จำกัด
 LINE ID: @haussmannthai
', 'ประกอบกิจการให้บริการด้านกฎหมายและอรรถคดี การบัญชีและภาษีอากร ทั้งในประเทศและต่างประเทศ');
INSERT INTO public.company VALUES (128, 'บริษัท  แมนดาริน แอคเคาติ้ง ลอว์เฟิร์ม จำกัด', 'เลขที่ 92/15 อาคารสาธรธานี 2 ชั้น 8 ถนนสาทรเหนือ
แขวงสีลม เขตบางรัก กรุงเทพมหานคร 10500
โทรศัพท์ : 093-635-9254,096-785-7666
', 'บริษัท  แมนดาริน แอคเคาติ้ง ลอว์เฟิร์ม จำกัด
เว็บไซต์ : http://www.mdr-firm.com
', 'บริษัท แมนดาริน แอคเคาติ้ง ลอว์ เฟิร์ม จำกัด เป็นสำนักงานบัญชีและสำนักงานทนายความที่ก่อตั้งขึ้นในประเทศไทยมาแล้วเป็นเวลากว่า 13 ปี มีความเชี่ยวชาญในการสื่อสารหลากหลายภาษา ทั้งภาษาไทย ภาษาจีนและภาษาอังกฤษ โดยเรามีความมุ่งมั่นในการให้บริการด้านกฎหมาย การบัญชี การตรวจสอบบัญชี และการจัดการสินทรัพย์ให้แก่ลูกค้าทั้งบริษัทไทยและบริษัทต่างชาติ เพื่อสร้างคุณค่าให้แก่ลูกค้า 

เราได้รวบรวมเอาประสบการณ์ ความรู้ความเข้าใจ และความเชี่ยวชาญในวิชาชีพมาไว้ด้วยกัน เพื่อให้บริการของเราดีที่สุดและตรงตามจุดประสงค์ของลูกค้า มีความเป็นมืออาชีพ ซึ่งถือเป็นหัวใจสำคัญของบริษัท

ปัจจุบัน เราได้ให้บริการและให้คำปรึกษาอย่างมืออาชีพทั้งในด้านกฎหมาย การบัญชี การจดทะเบียนบริษัท การลงทุน การอพยพย้ายถิ่นฐาน และบริการอื่น ๆ ให้แก่บริษัทมากมายทั้งในประเทศไทย ประเทศจีน ประเทศญี่ปุ่น รวมถึงในทวีปยุโรป และอเมริกา');
INSERT INTO public.company VALUES (141, 'บริษัท เอ็ม เอ็ม ลอจิสติคส์ จำกัด', '518/5 อาคารมณียาเซ็นเตอร์ ชั้นที่ 16 ถนนเพลินจิต
แขวงลุมพินี เขตปทุมวัน กรุงเทพมหานคร 10330
โทรศัพท์ : 02-680-5872, 02-680-5874
', 'บริษัท เอ็ม เอ็ม ลอจิสติคส์ จำกัด
เว็บไซต์ : http://www.mml.co.th
', 'Welcome to MM Logistics Vision “ To be a leading service provider in the petroleum exploration and production industry.” Mission “ To be a regional total solutions provider in the petroleum exploration and production industry. ” We''re believes strongly in the concept of global cooperation and in educating and stimulating Thai nationals to take part in this process and to give them the opportunity to equal, grow and prosper.');
INSERT INTO public.company VALUES (170, 'บริษัท อินเตอร์ คอร์ปอเรชั่น จำกัด', '14,33/33 หมู่ที่ 9 ซอยบรมราชชนนี 53 ถนนบรมราชชนนี
แขวงตลิ่งชัน เขตตลิ่งชัน กรุงเทพมหานคร 10170
โทรศัพท์ : 02-880-9922 , 062-370-2017
', 'บริษัท อินเตอร์ คอร์ปอเรชั่น จำกัด
แฟกซ์ : 02-880-8580
เว็บไซต์ : http://www.sesupplygroup.com
', 'บริษัท อินเตอร์ คอร์ปอเรชั่น จำกัด เป็นบริษัทในเครือ S.E.Supply Group ดำเนินธุรกิจนำเข้าและจัดจำหน่ายอุปกรณ์และน้ำยาตรวจวิเคราะห์โรคในห้องปฎิบัติการทางการแพทย์ให้แก่โรงพยาบาลภาครัฐและภาคเอกชน มหาวิทยาลัยและบริษัทห้างร้านต่างๆทั่วประเทศ S.E.Supply Group ก่อตั้งมานานกว่า 50 ปี มีบริษัทในเครือทั้งสิ้น 5 บริษัท โดยให้บริการครอบคลุมทั่วประเทศ');
INSERT INTO public.company VALUES (116, 'บริษัท การอง มาร์เก็ตติ้ง จำกัด', '55/2 ม.4 บิ๊กเกอร์แลนด์
ตำบลบึงคำพร้อย อำเภอลำลูกกา จังหวัดปทุมธานี 12150
โทรศัพท์ : 061-569-5856  , 097-285-3042
', 'บริษัท การอง มาร์เก็ตติ้ง จำกัด
', '"การอง" เป็นผู้นำอุตสาหกรรมด้านการผลิตสบู่ บริการสบู่ครบวงจรมีผลิตภัณฑ์กว่า 100 ชนิด มีจำหน่ายทั้งไทย และต่างประเทศ เปิดดำเนินการตั้งแต่ปี 2546 ต้องการรับผู้ร่วมงานที่มีความมุ่งมั่น และพร้อมก้าวเดินไปกับเรา');
INSERT INTO public.company VALUES (129, 'Exim Thai Trading Co.,Ltd.', '537 หมู่ที่ 8 (โครงการดีโปสมุทรปราการ) ถ.แพรกษา
ตำบลท้ายบ้านใหม่ อำเภอเมืองสมุทรปราการ จังหวัดสมุทรปราการ 10280
โทรศัพท์ : 095-546-9191
', 'Exim Thai Trading Co.,Ltd.
เว็บไซต์ : https://www.jonesalid.com/, https://www.facebook.com/salidfit
', 'แปรรูปผลิตภัณฑ์จากปลาสลิด ภายใต้แบรนด์ โจรสลิดบางบ่อ
จัดจำหน่ายทั้งในประเทศและต่างประเทศ');
INSERT INTO public.company VALUES (142, 'บริษัท แอล พี พี พรอพเพอร์ตี้ มาเนจเมนท์ จํากัด', '1168/109 ชั้น 36 อาคารลุมพินี ทาวเวอร์ ถนนพระราม 4
แขวงทุ่งมหาเมฆ เขตสาทร กรุงเทพมหานคร 10120
โทรศัพท์ : 02-285-5011 ต่อ 656
', 'บริษัท แอล พี พี พรอพเพอร์ตี้ มาเนจเมนท์ จํากัด
แฟกซ์ : 02-287-1206
เว็บไซต์ : https://www.lppproperty.co.th/
', 'บริษัท แอล พี พี พรอพเพอร์ตี้ มาเนจเมนท์ จํากัด (LPP) 

ให้บริการด้านการบริหารจัดการโครงการอสังหาริมทรัพย์ที่มาพร้อมกับทางเลือกการบริการที่หลากหลายเพื่อตอบสนองความต้องการของธุรกิจทุกรูปแบบ โดยทีมงานผู้เชี่ยวชาญเฉพาะด้าน รับรองด้วยผลงานกว่า 200 โครงการ ทั้งคอนโดมิเนียม ที่พักอาศัยแนวราบ รวมถึงอาคารเชิงพาณิชย์ ภายใต้การสนับสนุนจาก บริษัท แอล.พี.เอ็น.ดีเวลลอปเมนท์ จํากัด (มหาชน)

เรามีความมุ่งหวังที่จะให้บริการที่มากกว่าแค่การดูแลรักษาอาคาร พื้นที่ส่วนกลางให้มีสภาพสมบูรณ์สวยงามและพร้อมใช้งาน แต่ยังต้องการยกระดับคุณภาพที่ดีให้แก่สังคมการอยู่อาศัย

ความเป็นมืออาชีพและระบบการทํางานที่พัฒนาอย่างต่อเนื่อง คือหัวใจสําคัญของความสําเร็จกว่า 30 ปี ที่เราได้มอบให้กับโครงการที่เราบริหาร รวมไปถึงการสร้างสมดุลระหว่างผู้พักอาศัย ผู้ใช้บริการพื้นที่ คณะกรรมการนิติบุคคลคู่ค้าและสิ่งแวดล้อม');
INSERT INTO public.company VALUES (157, 'AIS- บริษัท แอดวานซ์ อินโฟร์ เซอร์วิส จำกัด (มหาชน)', '414 อาคารเอไอเอส 1 ถนนพหลโยธิน
แขวงสามเสนใน เขตพญาไท กรุงเทพมหานคร 10400
โทรศัพท์ : 02-029-4241
', 'AIS- บริษัท แอดวานซ์ อินโฟร์ เซอร์วิส จำกัด (มหาชน)
เว็บไซต์ : https://www.ais.th/applyjob/
', 'บริษัท แอดวานซ์ อินโฟร์ เซอร์วิส จำกัด (มหาชน) หรือ เอไอเอส ก้าวเข้าสู่การเป็น “ผู้ให้บริการด้านดิจิทัลไลฟ์” ด้วยการดำเนินธุรกิจหลัก 3 ธุรกิจ ได้แก่ บริการโทรศัพท์เคลื่อนที่ บริการอินเทอร์เน็ตความเร็วสูง และบริการดิจิทัลคอนเทนต์ ณ สิ้นปี 2559 เอไอเอสในฐานะผู้นำด้านการให้บริการโทรศัพท์เคลื่อนที่ในประเทศไทย มีส่วนแบ่งทางการตลาดเชิงรายได้อยู่ที่ประมาณร้อยละ 50 และมีผู้ใช้บริการจำนวน 41 ล้านรายทั่วประเทศ เอไอเอสได้ให้บริการโทรศัพท์เคลื่อนที่มาเป็นระยะเวลากว่า 26 ปี โดยรายได้จากบริการโทรศัพท์เคลื่อนที่ยังคงเป็นรายได้ส่วนใหญ่ของบริษัทและด้วยคลื่นความถี่ที่เอไอเอสถือครองในปัจจุบัน จึงสามารถให้บริการโครงข่ายที่มีคุณภาพทั้งเทคโนโลยี 2G 3G และ 4G ตลอดจนบริการคุณภาพอื่นๆ

นอกเหนือจากบริการโทรศัพท์เคลื่อนที่แล้ว ในปี 2558 เอไอเอส ได้เริ่มดำเนินธุรกิจอินเทอร์เน็ตความเร็วสูงภายใต้แบรนด์ ‘เอไอเอส ไฟเบอร์’ เมื่อสิ้นปีที่แล้ว เป็น 301,500 ราย และครอบคลุม 5.2 ล้านครัวเรือน ณ สิ้นปีนี้ พร้อมกันนี้ เอไอเอส จะยงั คงดำเนินการต่อยอดธุรกิจในปีหน้า และตั้งเป้าหมายทีจะเป็นผู้ให้บริการรายหลักในตลาด ภายใน 3 ปี

ธุรกิจหลักส่วนสุดท้ายของเอไอเอสคือ ธุรกิจดิจิทัลคอนเทนต์ ซึ่งการก้าวเข้าสู่การเปลี่ยนแปลงของธุรกิจยุคดิจิทัล ทำให้เอไอเอสในฐานะที่เป็นผู้ให้บริการด้านดิจิทัลไลฟ์ ได้มีการคิดค้นและพัฒนาดิจิทัลคอนเทนต์และบริการต่างๆ ให้แก่ลูกค้า โดยเอไอเอสได้ร่วมมือกับผู้สร้างและให้บริการคอนเทนต์ในการพัฒนาระบบนิเวศของการทำธุรกิจแบบเชื่อมโยงร่วมกับพันธมิตรเพื่อการเติบโตไปพร้อมๆ กัน ทั้งนี้ เอไอเอสได้เน้นการทำดิจิทัลคอนเทนต์ใน 5 ด้าน ได้แก่ วิดีโอ เกม ธุรกรรมทางการเงินบนมือถือ คลาวด์ และการเชื่อมต่อระหว่างอุปกรณ์ (M2M) โดยตัวอย่างของความสำเร็จในปี 2559 ได้แก่ AIS PLAY ซึ่งเป็นแอปพลิเคชันบนมือถือที่ให้บริการวิดีโอคอนเทนต์และการเปิดตัวบริการคลาวด์สำหรับองค์กรทั้งนี้ ในท้ายที่สุด ธุรกิจดิจิทัลคอนเทนต์ของเอไอเอสจะสามารถยกระดับและขยายธุรกิจในทุกๆ ด้านแบบองค์รวม พร้อมกับการผลักดันให้เอไอเอสสามารถเติบได้อย่างแข็งแกร่งในยุคดิจิทัล');
INSERT INTO public.company VALUES (171, 'บริษัท พีอาร์ทีอาร์ กรุ๊ป จำกัด (มหาชน) / PRTR Group PCL.', '2034/82 อาคารอิตัลไทย ทาวเวอร์ ชั้นที่ 18, ถนน เพชรบุรีตัดใหม่ | 2034/82 Ital-Thai Tower 18th Fl., New Petchburi Rd.
แขวงบางกะปิ เขตห้วยขวาง กรุงเทพมหานคร 10320
โทรศัพท์ : 02-716-0000
', 'บริษัท พีอาร์ทีอาร์ กรุ๊ป จำกัด (มหาชน) / PRTR Group PCL.
เว็บไซต์ : https://www.prtr.com/
 LINE ID: @prtrjobs
', 'บริษัท จัดหางาน พีอาร์ทีอาร์ กรุ๊ป จำกัด (มหาชน) เป็นบริษัทจัดหางานที่ก่อตั้งมาตั้งแต่ ปี พ.ศ. 2533 ซึ่งเป็นบริษัทที่มีความเชียวชาญในด้านการสรรหาบุคลากร และมีความชำนาญในการเป็นที่ปรึกษาทางด้านทรัพยากรมนุษย์ให้กับองค์กรชั้นนำต่างๆ ทั้งองค์กรของไทยและต่างประเทศ');
INSERT INTO public.company VALUES (117, 'บริษัท เด็นเน็กซ์ โซลูชั่น จำกัด', 'เลขที่ 81 ซอยจรัญสนิทวงศ์ 40/1
แขวงบางยี่ขัน เขตบางพลัด กรุงเทพมหานคร 10700
โทรศัพท์ : 097-237-8404
', 'บริษัท เด็นเน็กซ์ โซลูชั่น จำกัด
', 'ขายวัสดุทันตกรรม');
INSERT INTO public.company VALUES (130, 'Dawn Shipping (Thailand) Co., Ltd', '184/107 Forum Tower, 20th Floor, Ratchaphisek Road,
แขวงห้วยขวาง เขตห้วยขวาง กรุงเทพมหานคร 10310
โทรศัพท์ : 02-645-2218
', 'Dawn Shipping (Thailand) Co., Ltd
แฟกซ์ : 02-645-2217
เว็บไซต์ : http://www.dawnsg.com
', 'HQ in Singapore since 1974, Dawn Shipping (Thailand), headed by a Singaporean, is a shipping/ customs clearance / freight forwarding company and we help our customers simplify the process of sea freight and air freight handling for their import/ export. Dawn Shipping Group has more than 50 branches/ agencies around the world and we are a growing company with good prospects and career growth. Join us today for a fun filled working environment with various challenges (English / Thai Speaking) and life experience, and you will not regret! ');
INSERT INTO public.company VALUES (143, 'บริษัท บ้านวิจิตร จำกัด', '574 ม.11 ถนนราชภักดี ซอยราชภักดี11/1
ตำบลกุดป่อง อำเภอเมืองเลย จังหวัดเลย 42000
โทรศัพท์ : 095-198-0222, 089-417-1596
', 'บริษัท บ้านวิจิตร จำกัด
เว็บไซต์ : https://www.facebook.com/Baanvijit2020
 LINE ID: baanvijit2020
', 'ประกอบกิจการออกแบบ / เขียนแบบ อาคารทุกชนิด
รับเหมาก่อสร้างอาคารทุกประเภท ในเขตจังหวัดเลย
ด้วยความเชี่ยวชาญตามมาตรฐานงานก่อสร้าง');
INSERT INTO public.company VALUES (158, 'TOTO (Thailand) Co., Ltd.', '77 หมู่ 5 เขตประกอบการอุตสาหกรรม WHA-SIL
ตำบลหนองปลาหมอ อำเภอหนองแค จังหวัดสระบุรี 18140
โทรศัพท์ : 036-382-750 Ext 192
', 'TOTO (Thailand) Co., Ltd.
แฟกซ์ : 036-373-664-5
เว็บไซต์ : https://th.toto.com/
 LINE ID: hrtotothailand3
', 'TOTO เป็นธุรกิจสุขภัณฑ์และก๊อกน้ำ สากลระดับโลก มีฐานการผลิตในประเทศญี่ปุ่น และมีการขยายฐานการผลิตไปยังประเทศต่าง ๆ ทั่วโลก อาทิเช่น  สหรัฐอเมริกา เม็กซิโก จีน อินโดนีเซีย เวียดนาม ไต้หวันรวมถึงประเทศไทย โดยในประเทศไทย  บริษัท โตโต้ (ประเทศไทย) จำกัด  ตั้งอยู่ที่เขตนิคมอุตสาหกรรม เหมราช เอช เอส ไอ แอล อำเภอหนองแค  จังหวัดสระบุรี  เริ่มก่อตั้งโรงงานในปี พ.ศ.2553  โดยมีการนำเทคโนโลยีต่างๆ ของ TOTO ประเทศญี่ปุ่นมาใช้ในกระบวนการผลิตรวมถึงส่วนนโยบายการบริหารจัดการต่าง ๆ

จากการที่บริษัท มีนโยบาย “มุ่งสู่การเป็นผู้ผลิตสุขภัณฑ์อันดับหนึ่งในภูมิภาคเอเชียตะวันออกเฉียงใต้“ ในปี พ.ศ. 2556 บริษัท โตโต้ (ประเทศไทย) จำกัด ได้เริ่มต้นการทำตลาดในประเทศไทย โดยยึดมั่นการให้บริการที่ดีที่สุดและสินค้าที่มีคุณภาพสูงสุด เพื่อความพึงพอใจสูงสุดของผู้บริโภค

ในเวลานี้ TOTO ได้ดำเนินการธุรกิจมาเป็นเวลา 100 ปี เรามุ่งมั่นที่จะพัฒนาทั้งคุณภาพและการบริการอยู่อย่างต่อเนื่อง เพื่อที่จะให้ผู้บริโภคมั่นใจว่าท่านจะรับการบริการที่ยอดเยี่ยมจากเรา

Company Overview
TOTO was established in 1917, in an era when Japan still lacked a sewage system, the Company grew its business with the goal of helping social development, in line with the founders'' strong vision of supporting a healthy and cultured life and contributing to an improved life style for all. Today, TOTO''s business includes plumbing-related house hold fixtures for bathroom, kitchens and washes products. 2017, as the Company celebrated its 100th anniversary, it continued to expand into the fields of precision and large-scale ceramics.

TOTO (Thailand) Co., Ltd. Is a company which 100% own by Japanese. The factory management incorporates the best practices of its Japanese. We are manufactures sanitary ware and faucets which aim to be indispensable to customers around the world and are developing its business not only Japan, but also overseas in North and central America, Europe, Middle East and ASEAN countries including Thailand');
INSERT INTO public.company VALUES (172, 'บริษัท แคนนอน ปราจีนบุรี (ประเทศไทย) จำกัด', '550 ม.7 304 Industrial Park (Prachinburi)
ตำบลท่าตูม อำเภอศรีมหาโพธิ จังหวัดปราจีนบุรี 25140
โทรศัพท์ : 037-284-600 ต่อ 8107, 8103
', 'บริษัท แคนนอน ปราจีนบุรี (ประเทศไทย) จำกัด
แฟกซ์ : 037-481-835
เว็บไซต์ : https://www.facebook.com/LoveMyJob.thailand/
', 'ผลิตเครื่องถ่ายเอกสาร และเป็นบริษัทชั้นนำระดับโลก ซึ่งมีกลุ่มบริษัทแคนนอนมีสาขาทั่วโลกมากกว่า 200 สาขา  ผลิตสินค้าด้วยเทคโนโลยีชั้นสูง และเป็นมิตรกับสิ่งแวดล้อม เราต้องการบุคลากรจำนวนมาก เพื่อร่วมเป็นส่วนหนึ่งไปพร้อมกับความสำเร็จของเรา');
INSERT INTO public.company VALUES (118, 'บริษัท ดูดี มีเดีย คอนเวอเจนซ์ จำกัด', '130-132 อาคารสินธร 2 ชั้น 8 ถนนวิทยุ
แขวงลุมพินี เขตปทุมวัน กรุงเทพมหานคร 10330
โทรศัพท์ : 096-926-5094
', 'บริษัท ดูดี มีเดีย คอนเวอเจนซ์ จำกัด
 LINE ID: @hr.ddmd
', 'เราคือบริษัท Start Up สตาร์ทอัพ ของคนรุ่นใหม่ ที่ประกอบธุรกิจเกี่ยวกับแอพพลิเคชั่นไลฟ์สตรีมมิ่งในแพลทฟอร์มออนไลน์ 
รวมถึงผลิตสื่อมัลติมีเดีย ความบันเทิงในรูปแบบต่างๆ และจะขยายธุรกิจในส่วนอื่นอีกมากมายในอนาคต
เปลี่ยนประสบการณ์แบบเดิมๆ มาสร้างสรรค์ไอเดียใหม่ๆ ไปพร้อมพวกเรา');
INSERT INTO public.company VALUES (131, 'บริษัท อาชานิ จำกัด', '44/229-230 ถ.พหลโยธิน
แขวงอนุสาวรีย์ เขตบางเขน กรุงเทพมหานคร 10220
โทรศัพท์ : 086-378-7366
', 'บริษัท อาชานิ จำกัด
แฟกซ์ : 02-938-9566
เว็บไซต์ : http://www.achani2547.com/
', 'ดำเนินงานด้านธุรกิจก่อสร้าง งานเอกชนและงานราชการ อาทิ งานคอนโดมิเนียม,งานอาคารสูง, งานอาคารสำนักงาน และ Home Office ซึ่งประกอบด้วย งานโครงสร้าง งานสถาปัตยกรรม และงานระบบทุกประเภท');
INSERT INTO public.company VALUES (144, 'บริษัท แซมพ์ ไอคอน (ประเทศไทย) จำกัด', '2/31 ถ.สุขาภิบาล2
แขวงประเวศ เขตประเวศ กรุงเทพมหานคร 10250
โทรศัพท์ : 061-648-6999
', 'บริษัท แซมพ์ ไอคอน (ประเทศไทย) จำกัด
เว็บไซต์ : https://sampshomebuilder.com/
 LINE ID: Leesmile001
', 'บริษัทฯ รับเหมาก่อสร้างบ้าน บนพื้นที่ของลูกบ้าน
     คุณพิสิษฐ์ เจียราภิรมย์ กรรมการผู้จัดการ บริษัท แซมพ์ ไอคอน ไทยแลนด์ จำกัด (SAMPS Icon Thailand)  เปิดตัว “คราวน์ (CROWN)” บริษัทรับสร้างบ้านน้องใหม่ หวังต่อยอดธุรกิจและติดปีกก้าวสู่บริษัทรับสร้างบ้านอันดับต้นๆ ของไทย ด้วยจุดแข็งด้านการออกแบบรูปแบบบ้านที่เข้าถึงไลฟ์สไตล์ของผู้อยู่อาศัย พร้อมลุยสร้างแบรนด์ผ่าน online และ offline สำหรับลูกค้าที่ต้องการสร้างบ้านในระดับราคาตั้งแต่ 3 ล้านบาทขึ้นไป ภายใต้แนวคิดใหม่ "Built For The Future"');
INSERT INTO public.company VALUES (161, 'AR Group บริษัท กลุ่มแอดวานซ์ รีเสิร์ช จำกัด และบริษัทในเครือฯ', '27 ซ.เจริญนคร 14 ถ.เจริญนคร
แขวงคลองต้นไทร เขตคลองสาน กรุงเทพมหานคร 10600
โทรศัพท์ : AR สาขาเจริญนคร Tel. 02-439-4600, AR สาขาพระราม 3 Tel. 02-657-3999 AR สาขารัชดา Tel. 02-642-3400
', 'AR Group บริษัท กลุ่มแอดวานซ์ รีเสิร์ช จำกัด และบริษัทในเครือฯ
แฟกซ์ : 02-439-4616-7
เว็บไซต์ : http://www.ar.co.th
', 'บริษัท กลุ่มแอดวานซ์ รีเสิร์ช จำกัด และบริษัทในเครือ เป็นผู้นำทางด้านอินฟอร์เมชันเทคโนโลยี ดำเนินกิจการด้านการวิจัยการตลาด ให้บริการข่าวสารข้อมูล ผลิตนิตยสารด้านไอที ให้บริการด้านอินเทอร์เน็ต รับวางระบบตรวจสอบบัญชี และบริการให้คำปรึกษา มีความประสงค์จะรับสมัครบุคลากรที่รักความก้าวหน้าเพื่อเข้าร่วมปฏิบัติงานกับบริษัท และบริษัทในเครือ อันประกอบด้วย
• บริษัท เออาร์ไอพี จำกัด (มหาชน)
• บริษัท บิซิเนส ออนไลน์ จำกัด (มหาชน)
• บริษัท เอเน็ต จำกัด
• บริษัท เอ.อาร์. แอ็คเคานติ้ง คอนซัลแตนท์ จำกัด
• บริษัท แอดวานซ์ ออดิตติ้ง จำกัด
• บริษัท คอร์แอนด์พีค จำกัด
• บริษัท เออาร์ไอที จำกัด  
• บริษัท เอคอนเน็ต คอน');
INSERT INTO public.company VALUES (173, 'บริษัท ดั๊บเบิ้ล เอ (1991) จำกัด (มหาชน) Double A (1991) Public Co., Ltd.', '1 หมู่ 2
ตำบลท่าตูม อำเภอศรีมหาโพธิ จังหวัดปราจีนบุรี 25140
โทรศัพท์ : 085-835-2665 , 085-835-4475 , 085-835-3971 , 085-835-6688
', 'บริษัท ดั๊บเบิ้ล เอ (1991) จำกัด (มหาชน) Double A (1991) Public Co., Ltd.
แฟกซ์ : 037-208-850 
เว็บไซต์ : https://www.doubleapaper.com/th/about-double-a/careers
', 'Double A กลุ่มธุรกิจภายในเครือ Double A เป็นกลุ่มธุรกิจที่เริ่มต้นขึ้นจากมุมมองที่แตกต่างด้วยการคิดพลิกแพลงอย่างสร้างสรรค์จนเกิดเป็นนวัตกรรมทางความคิดที่นำมาพัฒนาต่อยอด และสร้างมูลค่าเพิ่มให้กับ 5 กลุ่มธุรกิจ .. จากพื้นฐานธุรกิจการเกษตรเติบโตสู่การเป็นกลุ่มธุรกิจครบวงจรที่มีปรัชญาในการดำเนินงานอย่างเดียวกัน คือมุ่งเน้นให้เกิดการพึ่งพาตนเองได้อย่างยั่งยืน (Self-Sustainable) ทั้งแก่องค์กร พนักงาน และชุมชน จากผู้ผลิต และจัดจำหน่ายกระดาษแบรนด์ ''Double A'' อันเป็นที่รู้จัก และได้รับการยอมรับจากผู้ใช้ทั่วโลก เติบโตต่อเนื่อง และขยายสู่กลุ่มธุรกิจที่เกี่ยวข้อง โดยแบ่งเป็น 5 กลุ่มธุรกิจหลัก ได้แก่ กลุ่มธุรกิจกระดาษ, กลุ่มธุรกิจต้นกระดาษ และต้นพลังงาน, กลุ่มธุรกิจไฟฟ้า และพลังงาน, กลุ่มธุรกิจพัฒนาอสังหาริมทรัพย์, กลุ่มธุรกิจขนส่ง และงานบริการ ซึ่งแต่ละกลุ่มธุรกิจต่างมีส่วนช่วยเกื้อหนุนซึ่งกันและกัน เพิ่มความแข็งแกร่งให้กับองค์กร 
');
INSERT INTO public.company VALUES (119, 'WUS Printed Circuit (Kunshan) Co., Ltd.', 'นิคมอุตสาหกรรมโรจนะ อยุธยา ประเทศไทย นิคมอุตสาหกรรมโรจนะ
ตำบลอุทัย อำเภออุทัย จังหวัดพระนครศรีอยุธยา 13210
โทรศัพท์ : +8613656250026
', 'WUS Printed Circuit (Kunshan) Co., Ltd.
เว็บไซต์ : https://www.wuscn.com
 LINE ID: songqiuqun7
', 'WUS Printed Circuit (Kunshan) Co., Ltd.เริ่มก่อตั้งขึ้นเมื่อปีค.ศ 1992 ที่เมืองคุนซาน มณฑลเจียงซู ด้วยทุนจดทะเบียน 1.897 พันล้านหยวน และในปี 2010 ได้ลงรายชื่ออย่างเป็นทางการกับกระดานวิสาหกิจขนาดกลางและขนาดย่อมของตลาดหลักทรัพย์เซินเจิ้น สัญลักษณ์ย่อหุ้น: 002463 ชื่อย่อหลักทรัพย์: Wudian
  นับตั้งแต่เริ่มก่อตั้ง บริษัทได้มุ่งเน้นไปที่การวิจัยและพัฒนาออกแบบและผลิตแผ่นวงจรพิมพ์มาโดยตลอด ด้วยความพยายามของพนักงานทุกคน หลังจากหลายปีของการขยายตลาดและการบริหารแบรนด์ บริษัทได้พัฒนาเป็นหนึ่งในแบรนด์ที่สำคัญในอุตสาหกรรมแผ่นวงจรพิมพ์ และมีชื่อเสียงสูงในอุตสาหกรรม ผลิตภัณฑ์ชั้นนำของบริษัทคือแผ่นวงจรพิมพ์ที่ใช้ในอุปกรณ์การสื่อสาร อุปกรณ์โทรคมนาคมและรถยนต์ ลูกค้าหลักของบริษัท ได้แก่ ซิสโก้, หัวเว่ย, โนเกีย, ซีเมนส์เป็นต้น 
  เมื่อวันที่ 7 มิถุนายน ค.ศ. 2022 ที่ประชุมคณะกรรมการบริษัท Wudian (สัญลักษณ์ย่อหุ้น"002463") มีมติให้ลงทุนสร้างฐานการผลิตแห่งใหม่ในประเทศไทย โดยมูลค่าลงทุนประมาณ 280 ล้านเหรียญสหรัฐ ขนาดพื้นที่ประมาณ 125 ไร่ โรงงานแห่งใหม่ในประเทศไทยตั้งอยู่ในนิคมอุตสาหกรรมโรจนะ อยุธยา ประเทศไทย');
INSERT INTO public.company VALUES (133, 'บริษัท ทวีพรเทคโนโลยี จำกัด', '319,321 ซอยพระรามที่ 2 ซอย 38
แขวงบางมด เขตจอมทอง กรุงเทพมหานคร 10150
โทรศัพท์ : 02-840-2009 , 02-840-2335
', 'บริษัท ทวีพรเทคโนโลยี จำกัด
แฟกซ์ : 02-840-2009 ต่อ 138
', 'รับเหมาก่อสร้าง
');
INSERT INTO public.company VALUES (145, 'บริษัท รุ่งเรืองกิจ คอนสตรัคชั่น เอ็นจีเนียริง จำกัด', '37 ซอยอ่อนนุช 62 แขวงสวนหลวง เขตสวนหลวง
กรุงเทพมหานคร 10250
แขวงสวนหลวง เขตสวนหลวง กรุงเทพมหานคร 10250
โทรศัพท์ : 0936405849, 095-783-5333
', 'บริษัท รุ่งเรืองกิจ คอนสตรัคชั่น เอ็นจีเนียริง จำกัด
', 'บริษัทฯ ดำเนินธุรกิจรับเหมาก่อสร้างโครงการขนาดใหญ่ ในเครือ Jiangsu Provincial Construction Group Co.,Ltd. มณฑลเจียงซู  ประเทศจีน  ก่อตั้งเมื่อปี ค.ศ.1956 ด้วยประสบการณ์อันยาวนานกว่า 50 ปี  เราจึงมีผลงานปรากฎในหลายประเทศทั่วโลก เช่น งานก่อสร้างศูนย์การค้า สนามกีฬา คอนโดมิเนียม อาคารสำนักงาน และโรงงานอุตสาหกรรม เป็นต้น  ปัจจุบันบริษัทฯ มีโครงการก่อสร้างโรงแรม ณ อ่าวฉลอง จ.ภูเก็ต จึงต้องการบุคลากรที่มีความรู้ ความสามารถเข้ามาร่วมงาน เพื่อรองรับการขยายตัวของบริษัทฯ  และพร้อมที่จะเติบโตไปด้วยกันกับเรา
   ณ.ปัจจุบัน บริษัทฯได้เปลี่ยนชื่อเป้นบริษัท รุ่งเรืองกิจ คอนสตรัคชั่น เอ็นจีเนียริง จำกัด');
INSERT INTO public.company VALUES (162, 'บริษัท บางปะอินเสาเข็มคอนกรีต จำกัด', '61/1 หมู่ที่ 9 ถนนสายเอเชีย
ตำบลเชียงรากน้อย อำเภอบางปะอิน จังหวัดพระนครศรีอยุธยา 13180
โทรศัพท์ : 035-361-314, 091-736-3880
', 'บริษัท บางปะอินเสาเข็มคอนกรีต จำกัด
แฟกซ์ : 035-745-945
เว็บไซต์ : http://www.bpi-concretepile.co.th/
', 'ผลิตเสาเข็มคอนกรีตอัดแรง เสาเข็มพืด เสาเข็มเขื่อน คานสะพาน แผ่นคอนกรีตหล่อสำเร็จขนาดใหญ่ และผลิตภัณฑ์คอนกรีตเสริมเหล็กทุกชนิด');
INSERT INTO public.company VALUES (174, 'บริษัท เอ็มโอแค็ป จำกัด', '475 อาคารสิริภิญโญ ชั้น 3 ถนนศรีอยุธยา
แขวงถนนพญาไท เขตราชเทวี กรุงเทพมหานคร 10400
โทรศัพท์ : 02-203-9000 สำนักงานอาคารสิริภิญโญ
', 'บริษัท เอ็มโอแค็ป จำกัด
แฟกซ์ : 02-248-0935
เว็บไซต์ : https://www.mocap.co.th/
 LINE ID: @153koolw
', 'บริษัท เอ็มโอแค็ป จำกัด ผู้นำธุรกิจด้าน Outsourcing Contact Center และ BPO (Business Process Outsourcing) ต้องการรับสมัครผู้ร่วมงานที่มีความสามารถในการติดต่อสื่อสาร รักงานด้านการให้บริการ และเป็นผู้มีความคิดริเริ่มสร้างสรรค์ เข้าร่วมงานกับบริษัทเป็นจำนวนมาก');
INSERT INTO public.company VALUES (120, 'บริษัท บิ๊กซี ซูเปอร์เซ็นเตอร์ จำกัด (มหาชน)', '97/11 ชั้น 6 ถนนราชดำริ
แขวงลุมพินี เขตปทุมวัน กรุงเทพมหานคร 10330
โทรศัพท์ : 02-655-0666
', 'บริษัท บิ๊กซี ซูเปอร์เซ็นเตอร์ จำกัด (มหาชน)
เว็บไซต์ : http://www.bigc.co.th
 LINE ID: @bigccareers
', 'ผู้นำธุกิจค้าปลีกในรูปแบบของ "ไฮเปอร์มาร์เก็ต" หรือ "ซูเปอร์เซ็นเตอร์", ธุรกิจค้าปลีกสมัยใหม่ที่มีรูปแบบ และขนาดที่หลากหลายภายใต้การบริหารงานของบริษัท บิ๊กซี ซูเปอร์เซ็นเตอร์ จำกัด (มหาชน) และพันธมิตรทางธุรกิจ ปัจจุบันบิ๊กซีมีสาขาที่เปิดให้บริการแล้วมากกว่า 100 สาขาทั่วประเทศ และมีพนักงานประจำมากกว่า 23,000 คน บิ๊กซีมอบโอกาสก้าวหน้าในการทำงานตั้งแต่ระดับพนักงาน ไปจนถึงระดับบริหาร ทั้งในสำนักงานใหญ่ และสาขาต่าง ๆ ทั่วประเทศ');
INSERT INTO public.company VALUES (134, 'Solventia Solar Co., Ltd.', '25 K.S. Building, Soi Sathorn 9, South Sathorn Road,
แขวงยานนาวา เขตสาทร กรุงเทพมหานคร 10120
โทรศัพท์ : 02-068-3946
', 'Solventia Solar Co., Ltd.
เว็บไซต์ : https://www.solventiasolar.com
', 'Solventia Solar Co., Ltd. is a subsidiary of the parent company Solventia Integrated Solutions S. L., established in 1969 in Spain as a service provider in Electrical Low and Medium voltage and Mechanical Installation, gradually incorporating new activities such as industrial machinery repairing and relocation, motor rewinding, plumbing works, telecommunications, industrial HVAC Systems and gas installations.
Solventia Integrated Solutions S.L. is established in Thailand in 2012, under the name of Solventia Solar Co. Ltd. providing PV solar EPC for all type such as Ground Mounted, Rooftop, BIPV or floating, etc.
Now, Solventia goes continuously developing projects, focus only commercial and industrial scale, then started expanding to other countries in the region such as Philippines, Malaysia, Indonesia, Vietnam and Cambodia. Moreover, we are also serving for self-consumption’s sector, which is growing up day by day.');
INSERT INTO public.company VALUES (146, 'KC Girder Co., Ltd. บริษัท เค.ซี.เกอร์เดอร์ จำกัด', '20 อาคาร หจก.นายโค้งก่อสร้าง หมู่ 2 ถนนสุวรรณศร
ตำบลประจันตคาม อำเภอประจันตคาม จังหวัดปราจีนบุรี 25130
โทรศัพท์ : 081-761-1745 ,  037-291-462
', 'KC Girder Co., Ltd. บริษัท เค.ซี.เกอร์เดอร์ จำกัด
เว็บไซต์ : https://www.kcgroupconstruction.net/
', 'KC Group  มีบริษัทในเครือถึง 4 สายธุรกิจ รับเหมาก่อสร้าง โรงงานผลิตภัณฑ์คอนกรีต อสังหาริมทรัพย์ และพลังงาน สำนักงานใหญ่ตั้งอยู่ที่จังหวัดปราจีนบุรี บริษัทก่อตั้งมานานกว่า 50 ปี โดยนายโค้ง จิรัฐิติเจริญ ทำรับเหมาก่อสร้าง และปัจจุบันคือ generation ที่ 2 ดำรงตำแหน่งประธานบริหารโดย ดร.สุรเดช จิรัฐิติเจริญ ที่ได้ขยายธุกิจให้แข็งแกร่ง และนำองค์กรไปสู่มาตรฐานประเทศ

ในสายธุรกิจผลิตภัณฑ์คอนกรีต, ตลอดที่ผ่านมาบริษัท เคซี มีสโลแกนว่า ''ครบเครื่อง เรื่องก่อสร้าง'' ที่เคยได้รับงานในด้านทางด้านโยธาอย่างหลากหลาย จนในปัจจุบันถือว่าเป็นหนึ่งในผู้เชี่ยวชาญมากที่สุดในด้านโรงงานผลิตภัณฑ์คอนกรีต สินค้าสำหรับงานโยธาสำหรับภาครัฐ e.g. งานสะพาน และค่อนข้างมีชื่อเสียงเพิ่มขึ้นเรื่อยๆ และขยายตัวอย่างก้าวกระโดด โรงงานจัดตั้งที่ 3 จังหวัด ฉะเชิงเทรา, นครปฐม, ปราจีนบุรี โดยมีสำนักงานฝ่ายสนับสนุนการผลิตที่จังหวัด ปราจีนบุรี รวมถึงสำนักงานฝ่ายบัญชีและการเงินที่ปราจีนบุรี

วัฒนธรรมในองค์กรจะอยู่กันอย่างครอบครัวที่ช่วยเหลือกันและกัน จากผู้บริหาร สู่ผู้จัดการ สู่ระดับผู้ปฎิบัติ ที่มีการถามไถ่ปัญหาและเปิดรับความคิดใหม่ๆจากพนักงานทุกคนเรื่อยๆ เพราะเราเชื่อว่า ถ้าคนของเรามีความสุข และตั้งใจเพื่อเป้าหมายเดียวกัน ปัญหาใดๆก็สามารถช่วยกันฝันฝ่าไปได้

ปัจจุบัน เคซี มีเป้าหมายที่จะนำบริษัทจดทะเบียนเข้าตลาดหลักทรัพย์ในปี 2563 เพื่อขยายองค์กรสู่ระดับประเทศและรองรับการขยายต่อต่างประเทศ
 จึงทำให้บริษัทจำเป็นสรรหาบุคคลากรที่มีคุณภาพ มีความตั้งใจ ความมุ่งมั่น เดียวกันเพื่อในองค์กรสำเร็จเป้าหมายเดียวกัน');
INSERT INTO public.company VALUES (163, 'บริษัท อีไฟว์ เม็ททอลนิค จำกัด', '15 ซอยเคหะร่มเกล้า 72 แยก 6
แขวงราษฎร์พัฒนา เขตสะพานสูง กรุงเทพมหานคร 10240
โทรศัพท์ : 02-736-1166 ต่อ 880
', 'บริษัท อีไฟว์ เม็ททอลนิค จำกัด
เว็บไซต์ : http://www.metalnic.com
', 'บริษัท อีไฟว์ เม็ททอลนิค จำกัด ก่อตั้งเมื่อปี พ.ศ. 2551 เริ่มต้นจากการนำเข้าสินค้าที่เกี่ยวกับอุปกรณ์เสริมสำหรับเครื่องใช้ไฟฟ้า รวมถึงเครื่องใช้ไฟฟ้าจากแบรนชั้นนำ และจำหน่ายไปตามร้านค้าต่าง ๆ ทั่วประเทศ ซึ่งได้รับความการยอมรับจากบริษัทชั้นนำ เช่น Samsung, Shap, Toshiba, LG, Synnex, Ingram, SiS, และ Homepro

และเรายังเป็นผู้นำเข้าเทคโนโลยีที่ตอบสนองความต้องการด้านการสื่อสาร (Communication), กลุ่มผลิตภัณฑ์ด้านจอแสดงผลขนาดใหญ่ (Display Solution), และกลุ่มผลิตภัณฑ์ด้านการวางระบบ (System Integrated Solution) เพื่อตอบสนองกับความต้องการได้แบบครบวงจรทางด้าน Digital Signage สำหรับงานโครงการต่าง ๆ เช่น ธนาคาร สถาบันการศึกษา โรงพยาบาล กลุ่มโรงแรมชั้นนำ ห้างสรรพสินค้า ร้านค้าปลีก ร้านอาหาร โรงงานอุตสาหกรรม หน่วยงานของรัฐและเอกชนต่างๆ ฯลฯ');
INSERT INTO public.company VALUES (175, 'บริษัท เบญจจินดา โฮลดิ้ง จำกัด', '499 อาคารเบญจจินดา ถนนกำแพงเพชร 6
แขวงลาดยาว เขตจตุจักร กรุงเทพมหานคร 10900
โทรศัพท์ : 02-016-5555
', 'บริษัท เบญจจินดา โฮลดิ้ง จำกัด
เว็บไซต์ : https://www.benchachinda.co.th, https://iRecruit.benchachinda.co.th
', 'บีซีจี คือ “ผู้ให้บริการดิจิทัลเทคโนโลยีชั้นนำของประเทศไทย” กว่า 60 ปี ที่ผ่านมา กลุ่มเบญจจินดา (Benchachinda Group “BCG”) มุ่งมั่นที่จะพัฒนาโครงสร้างพื้นฐานด้านโทรคมนาคมและดิจิทัลเทคโนโลยีของประเทศไทยให้เป็นระดับแนวหน้าของภูมิภาคอาเซียน เพื่อยกระดับคุณภาพและเพิ่มขีดความสามารถในการแข่งขันขององค์กรไทย ปัจจุบัน บีซีจี ดำเนินธุรกิจแบ่งออกเป็น 6 กลุ่มธุรกิจได้แก่ (1) กลุ่มธุรกิจ Digital Infrastructure Service (2) กลุ่มธุรกิจ Digital Solution and SI Business (3) กลุ่มธุรกิจ Distribution and Fulfillment Service (4) กลุ่มธุรกิจ Content Business (5) กลุ่มธุรกิจ Digital Startup (6) กลุ่มธุรกิจร่วมลงทุน Joint Investment โดยมีบริษัทย่อยดำเนินธุรกิจในแต่ละสายธุรกิจ ซึ่งมีลักษณะการประกอบธุรกิจดังนี้
บีซีจี ดำเนินธุรกิจภายใต้ 6 กลุ่มธุรกิจได้แก่ 
(1) กลุ่มธุรกิจ Digital Infrastructure Service  
(2) กลุ่มธุรกิจ Digital Solutions and SI Business  
(3) กลุ่มธุรกิจ Distribution and Fulfillment Service  
(4) กลุ่มธุรกิจ Content Business 
(5) กลุ่มธุรกิจ Digital Startup  
(6) กลุ่มธุรกิจร่วมลงทุน Joint Investment');
INSERT INTO public.company VALUES (123, 'บริษัท บ้านครีม จำกัด', '235/115 ถนนเลียบคลองภาษีเจริญฝั่งเหนือ หมู่บ้าน ธนทองซิตี้
แขวงหนองแขม เขตหนองแขม กรุงเทพมหานคร 10160
โทรศัพท์ : 02-444-1958,080-379-1901
', 'บริษัท บ้านครีม จำกัด
แฟกซ์ : 02-444-1950 
เว็บไซต์ : https://www.bancream.com
', 'บริษัท บ้านครีม จำกัด เป็นผู้ผลิต และจัดจำหน่ายเครื่องสำอางค ที่ใช้ส่วนประกอบนำเข้าทั้งไทยและต่างประเทศ ที่เข้มข้นและมีคุณภาพที่การันตี

ทางบริษัทฯ มีการจัดจำหน่ายทั่วประเทศทั้งในประเทศไทยพร้อมทั้งยังจำหน่ายให้แก่ WATSON/7-CATALOG / FRIDAY /HEALTH CLUB BY WUTTISUK และช่องทางออนไลน์ บนเว็บไซต์, Facebook, Instagram และLINE Official Account

ซึ่งบริษัท บ้านครีม จำกัด ดำเนินกิจการมาเป็น เวลา 9 ปี จนถึง ณ ปัจจุบัน ทางบริษัทฯ ได้รับการรับรองระบบมาตรฐานจาก GMP และ Green Industry เพื่อส่งมอบเครื่องสำอางที่ได้คุณภาพมาตรฐานให้กับลูกค้าทุกคน');
INSERT INTO public.company VALUES (135, 'บริษัท อัคร บ้านและที่ดิน จำกัด', '1239/3 เพชรเกษม 63
แขวงหลักสอง เขตบางแค กรุงเทพมหานคร 10150
โทรศัพท์ : 063-191-3170 
', 'บริษัท อัคร บ้านและที่ดิน จำกัด
 LINE ID: 0631913170
', 'บริษัท อัคร บ้านและที่ดิน จำกัด เป็นบริษัทฯ ชั้นนำที่ดำเนินธุรกิจอสังหาริมทรัพย์ เพื่อการอยู่อาศัย และอาคารพาณิชย์แบบครบวงจร

ปัจจุบันมีโครงการที่อยู่ในกรุงเทพฯ และต่างจังหวัด  โดย  บริษัทฯ ให้ความสำคัญกับการสร้างที่พักอาศัย ในทุกรายละเอียด ตั้งแต่ การเลือกทำเล ตลอดจนทุกขั้นตอนในการสร้างที่พักอาศัย รวมถึงสภาพแวดล้อมส่วนกลางของแต่ละโครงการ

      ด้วยประสบการณ์ และความเชื่อมั่นจากลูกค้า ทำให้ปัจจุบัน บริษัทฯ มีการขยายโครงการอย่างต่อเนื่อง บริษัท อัคร บ้านและที่ดิน จำกัด และบริษัทฯ ในเครือ จึงมีความประสงค์รับบุคลากร ที่มีความรู้ ความสามารถมาร่วมงาน และพร้อมที่จะเติบโตไปด้วยกันหลายอัตรา ดังนี้');
INSERT INTO public.company VALUES (147, 'Chart Karnchang Laemchabang Co.,Ltd.', '101/1 หมู่ 9 ถ. สุขุมวิท
ตำบลทุ่งสุขลา อำเภอศรีราชา จังหวัดชลบุรี 20230
โทรศัพท์ : 038-490-867
', 'Chart Karnchang Laemchabang Co.,Ltd.
แฟกซ์ : 038-494-340
เว็บไซต์ : http://www.ckc.co.th
', 'บริษัท ฉัตรการช่าง แหลมฉบัง จำกัด ก่อตั้งขึ้นเมื่อวันที่ 1 เมษายน พ.ศ. 2525 ใกล้ท่าเรือแหลมฉบัง อำเภอศรีราชา จังหวัดชลบุรี ปัจจุบันแหลมฉบังถูกพัฒนาให้เป็นท่าเรืออุตสาหกรรมในแถบชายฝั่งทะเลตะวันออก ได้ขยายกิจการและการลงทุนเพื่อรองรับการขยายตัวทางอุตสาหกรรมของประเทศภายใต้ชื่อ “บริษัท ฉัตรการช่าง แหลมฉบัง จำกัด” และได้ดำเนินกิจการกับลูกค้าชั้นนำด้านปิโตรเคมีและการกลั่นน้ำมันมาโดยตลอด ปัจจุบัน เราเป็นหนึ่งในผู้รับเหมาหลักงานด้านเครื่องกลที่ได้รับการยอมรับจากเจ้าของงานในวงการอุตสาหกรรม ปิโตรเคมีและการกลั่นน้ำมัน เป็นอย่างดี ทั้งในพื้นที่เขตนิคมอุตสาหกรรมมาบตาพุด แหลมฉบังและพื้นที่อื่นๆที่เกี่ยวข้อง ที่รู้จักในนาม “ซีเคซี” ในปัจจุบันเรามีพนักงานมากกว่า 2,000 คน ดำเนินธุรกิจเกี่ยวกับ งานวางระบบติดตั้งท่อน้ำมัน ท่อก๊าซ งานโครงสร้างเหล็กขนาดใหญ่ งานติดตั้งเครื่องจักร ปั๊ม มอเตอร์ งานระบบบำบัดน้ำเสีย งานพ่นทราย งานเชื่อม เป็นต้น ');
INSERT INTO public.company VALUES (164, 'บริษัท ไอดิโอ เทค จำกัด', '18 ซอย อุดมสุข 13 (สุขุมวิท 103)
แขวงบางนาเหนือ เขตบางนา กรุงเทพมหานคร 10260
โทรศัพท์ : 02-743-7099
', 'บริษัท ไอดิโอ เทค จำกัด
แฟกซ์ : 02-743-7011
เว็บไซต์ : https://www.idio-tech.net/
', 'ด้วยประสบการณ์กว่า 15 ปีในธุรกิจ IT Solution ให้กับบริษัทชั้นนำ ต้องการรับสมัครทีมงานเข้ามาร่วมงานและเติบโตไปด้วยกัน บริษัทมีความเชี่ยวชาญเฉพาะด้านในหลายสาขา อาทิ เช่น

 - IT Solution เช่น ระบบ WIFI Network ,Firewall ,IP CCTV , VOIP 
 - IMSI Software (Guest WIFI Internet Access)
 - Seara WIFI Marketing Platform 
 - RTLS ระบบ Realtime Location system
 - Delivery Robot

หากคุณเป็นคนที่ชื่นชอบในเทคโนโลยี ชอบเรียนรู้ทักษะใหม่ๆ  ต้องการทำงานที่ท้าทายและอยากเติบโตไปพร้อมๆกับบริษัทฯ อยากขอเชิญให้มาร่วมงานกับเรา');
INSERT INTO public.company VALUES (176, 'SKY ICT Public Company Limited', '55 อาคารเอ.เอ แคปปิตอล รัชดา ชั้นที่ 5-7 ถนนรัชดาภิเษก
แขวงดินแดง เขตดินแดง กรุงเทพมหานคร 10400
โทรศัพท์ : 061-389-8643
', 'SKY ICT Public Company Limited
', 'About Company
Company Overview
We are the Professional Solution Integrator providing IT enabled business solutions with direct support coverage across the country and all boundary areas.

Our team combines Expertise and Multi-Vendor skilled People with a mix of Core Competencies, Key Strategic Partnerships and alliances, Broad experience in managing projects from largo to small, Proven ability to minimize Technical, Operational and Financial risks in complex projects, Multi-Skilled and Business-Critical Technology Solutions.

Our Vision:
To be the key driving force to transform the society through intelligent technology solution that truly enhance lives

Our Missions:
To develop intelligent technology solutions to serve our customer in both private and government sectors

The reason that our client choose us:
We are able to operate as the prime contractor, consortium member, subcontractor, or a discrete project manager-according to the needs of the project. Our portfolio is consisted of various different IT and Communication projects for mostly government sector including CCTV installation and analytic software, network and security design and configuration, servers and storage design and installation, and service & MA

Our Services:
- Planning & Consulting
Infrastructure Planning and Network Design');


--
-- TOC entry 3356 (class 0 OID 16493)
-- Dependencies: 218
-- Data for Name: job; Type: TABLE DATA; Schema: public; Owner: postgres
--

INSERT INTO public.job VALUES (86, 'Accounting Officer', '-ทำรายงานภาษีซื้อ, ขาย, เงินได้, หัก ณ ที่จ่าย
-เปิดใบกำกับภาษี, ใบเสร็จ, ลดหนี้, ใบวางบิล
-บันทึกเอกสารรับ-จ่ายชำระหนี้, ด้านซื้อ-ขาย
-นำส่งรายงาน ภงด1,3,53 และ ภพ30 กับสำนักงานบัญชี
-รายงานลูกหนี้-เจ้าหนี้คงเหลือ, เช็ครับ,จ่าย
-ทำเงินเดือนพนักงาน', 217, 111, '1');
INSERT INTO public.job VALUES (87, 'พนักงานบัญชี', '1.รวบรวมเอกสารบัญชี.
2.วางบิล ลงบันทึกข้อมูลในระบบ 
3.ติดตามลูกหนี้ 
4.งานบัญชีอื่นๆที่ได้รับมอบหมาย', 217, 112, '2');
INSERT INTO public.job VALUES (88, 'เจ้าหน้าที่ฝ่ายบัญชี', '- ตรวจสอบเอกสารการเบิกค่าใช้จ่ายของสาขา
- บันทึกบัญชีค่าใช้จ่ายของสาขา ในระบบบัญชี โปรแกรม SUN System
- ติดต่อประสานงานกับสาขาและหน่วยงานที่เกี่ยวข้อง
- ทำบัญชีทรัพย์สินของบริษัท', 217, 113, 'หลายอัตรา');
INSERT INTO public.job VALUES (89, 'หัวหน้าบัญชีและการเงิน และเจ้าหน้าที่บัญชี', ' หน้าที่หัวหน้าบัญชีและการเงิน
 1. วางระบบบัญชี
 2. ตรวจสอบการบันทึกบัญชีและภาษีอากรทั้งระบบ
 3. จัดทำรายละเอียดประกอบงบการเงิน
 4. ปิดงบการเงินรายเดือน รายปี 
 5. มีความเป็นผู้นำ คล่องแคล่ว แก้ไขปัญหาได้รวดเร็ว
 6. จัดทำ Cashflow. วางแผนรับ-จ่าย วิเคราะห์และควบคุมแผนการเงินได้
ทำงาน วันจันทร์-เสาร์ (หยุดวันเสาร์เว้นเสาร์)', 217, 114, '3');
INSERT INTO public.job VALUES (90, 'Accounting Manager ผู้จัดการฝ่ายบัญชี', '- จัดทำบัญชีเพื่อให้มีการแสดงผลการดำเนินงาน ฐานะทางการเงินหรือการเปลี่ยนแปลงฐานนะทางการเงินของผู้มีหน้าที่จัดทำบัญชีที่เป็นอยู่ตามความเป็นจริง และตามมาตรฐานการบัญชี โดยมีเอกสารที่ต้องใช้ประกอบการลงบัญชีให้ถูกต้องครบถ้วน
- การลงรายการในบัญชี ลงรายการเป็นภาษาไทย หากลงรายการเป็นภาษาต่างประเทศให้มีภาษาไทยกำกับ หรือลงรายการเป็นรหัสบัญชีให้มีคู่มือคำแปลรหัสที่เป็นภาษาไทยไว้
- เขียนด้วยหมึก ดีดพิมพ์ ตีพิมพ์ หรือทำด้วยวิธีอื่นใดที่ได้ผลในทำนองเดียวกัน
', 217, 115, '1');
INSERT INTO public.job VALUES (91, 'เจ้าหน้าที่บัญชี-การเงิน', '- รักษาเงินสดย่อย,จ่ายเงินสดย่อย และตรวจสอบความถูกต้อง
- จัดทำภาษีหัก ณ ที่จ่าย
- จัดทำรายงานภาษีซื้อ
- บันทึกบัญชีค่าใช้จ่ายลงในโปรแกรม Express
- จัดทำค่าคอมมิชชั่น/เบี้ยเลี้ยงพนักงานขาย
- จัดชุดตั้งหนี้จ่ายหนี้การค้า
- งานอื่นๆ ตามที่ได้รับมอบหมาย', 217, 116, '1');
INSERT INTO public.job VALUES (92, 'เจ้าหน้าที่ฝ่ายบัญชี', '- จัดทำใบแจ้งหนี้ ใบส่งของ ใบกำกับภาษี เมื่อมีการขาย/บริการ
- ตรวจสอบเอกสารใบกำกับภาษีซื้อ
- จัดทำรายงานภาษีซื้อ ภาษีขาย
- จัดทำใบเสร็จรับเงิน เมื่อได้รับเงินครบตามกำหนด
- สรุปยอดขายประจำเดือนและประจำวัน
- ดูแลด้านเอกสารการเงินที่เก็บจากลูกค้า
- เจรจาต่อรองสารชำระหนี้กับลูกค้า
- ตามหนังสือรับรอง หัก ณ ที่จ่าย และที่เกี่ยวข้อง
- บันทึกบัญชีสำหรับการซื้อ
- จัดทำรายงานสรุปค่าใช้จ่ายต่างๆ ประจำเดือน เช่น ค่าน้ำ ค่าไฟ ค่าโทรศัพท์ ค่าน้ำมันรถยนต์
- จัดทำ ติดตาม และตรวจสอบความถูกต้องของเอกสารประกอบการรับเงิน เช่น เอกสารนำฝากธนาคาร
- จัดเก็บข้อมูลค่าใช้จ่ายต่างๆ แยกแผนก ในการจัดทำงบประมาณประจำเดือน
- จัดทำรายงานเจ้าหนี้คงค้าง รวมถึงวิเคราะห์อายุเจ้าหนี้ ทุกสิ้นเดือน
- ติดต่อประสานงานกับหน่วยงานต่างๆ ทั้งภายใน-ภายนอก
- งานอื่นๆที่บริษัทและหัวหน้ามอบหมาย', 217, 117, '1');
INSERT INTO public.job VALUES (93, 'KOL Support', '1. ประสานงานกับ VJ ทั้งในและนอกสังกัด ในด้านต่างๆ เช่น ชี้แจงโปรโมชั่น และแคมเปญต่างๆ กับฝ่ายที่เกี่ยวข้อง
2. ดูแล และจัดการข้อมูลรายชื่อ รวมถึงเอกสารสัญญา VJ ในสังกัด  
3. ตรวจสอบ VJ ให้มีการไลฟ์เป็นไปตามสัญญาที่กำหนด
4. ประเมินผลงาน VJ เพื่อทำสรุปผลการพิจารณาต่อสัญญาสำหรับ VJ ที่มีผลงานเป็นไปตามกฎเกณฑ์ และยกเลิกสัญญาสำหรับ VJ ที่ทำผลงานไม่ได้ตามมาตรฐาน
5. ตรวจสอบพฤติกรรมและตักเตือน VJ เพื่อปรับปรุงพัฒนาศักยภาพให้ดีขึ้น
6. ทำเอกสารเบิกจ่ายเงิน และติดตามเงินรางวัลจากกิจกรรมต่างๆของ VJ กับแผนกที่เกี่ยวข้อง
7. หน้าที่งานอื่นๆ ตามที่ได้รับมอบหมาย

** ใช้ Google Sheet เป็นหลัก', 217, 118, '1');
INSERT INTO public.job VALUES (94, 'พนักงานการเงินและบัญชี', '1.แจ้งภาษี รับผิดชอบในการแจ้งภาษีรายเดือนและรายปี การขอคืนภาษีร ฯลฯ
2.งานที่เกี่ยวกับการเงิน
3.ติดต่อประสารงานกับรัฐบาล ธนาคาร และหน่วยงานอื่นๆ ในประเทศไทย
4.งานอื่นๆที่ได้รับมอบหมย
', 217, 119, 'หลายอัตรา');
INSERT INTO public.job VALUES (95, 'Accounting Officer - AP Non Merchandise', '1. Understand payment condition of contract
2. Create all contracts in Non-merchandise Contract System (NMC)
3. Prepare Payment Voucher for contractual payments
4. Proceed payment to lessors by auto generate Payment Voucher on Non-merchandise Contract System
5. Control the completeness of contract scaning
6. Solve the problem on contractual payment related', 217, 120, '1');
INSERT INTO public.job VALUES (96, 'บัญชีลูกหนี้', '1.ควบคุมและติดตามหนี้ค้างชำระไม่ให้เกินระยะเวลาที่กำหนด
2.ตรวจสอบความครบถ้วน Adjust credit note ส่งใบแจ้งหนี้ตามข้อสัญญา ให้ลูกค้า
3.ตรวจสอบข้อมูลร้านค้าเช่า พร้อมติดตามลูกค้า 
กระทบยอดรายการที่ไม่ตรงเพื่อติดตามการชำระเงินให้ทันตามกำหนด
4.จัดทำรายงานสรุปปัญหาหนี้คงค้าง ประชุมกับส่วนงานที่เกี่ยวข้อง
5.กระทบยอดหนี้คงค้าง นำส่งทีมรับชำระเพื่อออกใบเสร็จ
6.ปรับปรุงรายกาบัญชีหนี้คงค้างกับเจ้าหนี้เงินประกัน
7.แก้ไขปัญาหา สนับสนุนข้อมูลให้กับลูกค้าและส่วนงานที่เกี่ยวข้อง

สถานที่ปฏิบัติงาน: สำนักงานใหญ่ (BTS เอกมัย)
วันทำงาน: 5 วันสัปดาห์', 217, 120, '2');
INSERT INTO public.job VALUES (97, 'Senior Accounting (Fixed Asset)', '1.Control for physical checking of fixed-assets inventories. (Branch)
1.1 Prepare planning date of physical count all store each of year (branch/1 time)
1.2 Prepare data for physical count. 
1.3 Coordinate and monitor for physical count and summary of asset lost report
2. Verify document and data of transferring and retirement.
3. Prepare data for physical count and summary report of asset lost
4. Be consultant in related to fixed assets policy.
', 217, 120, '1');
INSERT INTO public.job VALUES (98, 'พนักงานบัญชีโมดูลขาย รับเงิน สต๊อกสินค้า (ออนไลน์)', '[ ] คีย์รายการขายจากช่องทางไลฟ์สดไปในระบบออกใบกำกับภาษี

[ ] ตรวจสอบยอดเงิน จากการขายแต่ละช่องทาง เพื่ออนุมัติให้มีการจัดส่งสินค้า

[ ] ทำรายงานค่าธรรมเนียม การรับชำระเงิน และค่าจัดส่ง จากช่องทางต่างๆ ส่งให้สำนักงานบัญชี

[ ] อัพโหลดรายการรับเงิน ลิสค์ และติดตามรายการรับเงินที่ยังไม่ได้รับ

[ ] ลิสต์ และ ติดตาม สินค้าคืนในส่วนของยอดที่ไม่ได้รับเงิน

[ ] ส่งรายงานยอดขายตามพนักงานขาย เพื่อทำการคำนวณค่าคอมมิชชั่น

[ ] ดูแลไฟล์สต็อกสินค้า (EXCEL) โดยคีย์ตัดยอดจากรายงานสรุป และคีย์รับเข้าสินค้าที่ผลิตใหม่

[ ] สังเกตการณ์นับสต็อก เพื่ออัพเดทสินค้าให้ตรงกับความเป็นจริง

[ ] ปฏิบัติงานอื่น ๆ ตามที่ได้รับมอบหมาย', 217, 123, '1-2');
INSERT INTO public.job VALUES (99, 'พนักงานบัญชี', '- จัดทำบัญชีด้วยโปรแกรมบัญชี Express และ Flowaccount
- จัดทำภาษี ภงด.1,2,3,53,ภพ.30,ภพ.36 สรุปภาษี รายงานภาษีซื้อ รายงานภาษีขาย
- ยื่นภาษีทางระบบอินเตอร์เน็ต (เว็บกรมสรรพากร)
- จัดทำรายละเอียดประกอบงบการเงิน รายเดือน รายปี
- กระทบยอดรายได้ ลูกหนี้ เจ้าหนี้ และบัญชีอื่นๆ
- ประสานงานกับลูกค้าเกี่ยวกับเอกสารบัญชีต่างๆ
', 217, 124, 'หลายอัตรา');
INSERT INTO public.job VALUES (100, 'เจ้าหน้าที่บัญชี', '1.รับผิดชอบเอกสารการวางบิล ใบกำกับภาษี ใบเสร็จรับเงินและออกใบแจ้งหนี้
2.ดูแลการทำภาษีมูลค่าเพิ่ม (VAT), ภาษีหัก ณ ที่จ่าย
3.ตรวจสอบความถูกต้องของเอกสารประกอบการจ่ายเงิน, ตรวจสอบการ คำนวณและการอนุมัติต่าง ๆ
4.งานอื่น ๆ ที่ได้รับมอบหมาย', 217, 125, '3');
INSERT INTO public.job VALUES (101, 'เจ้าหน้าที่บัญชีอาวุโส (AP)', '1.ตรวจสอบความถูกต้องของเอกสารประกอบการจ่ายเงิน เช่น ใบขอซื้อ ใบสั่งซื้อ ใบกำกับภาษี/ใบส่งของ ใบรับของ
2.จัดทำใบสำคัญตั้งหนี้ (Voucher) และบันทึกบัญชีสำหรับการตั้งหนี้
3.ตรวจสอบความถูกต้องการบันทึกบัญชีสำหรับการตั้งหนี้ เอกสารประกอบการจ่ายเงิน การอนุมัติ ตามเงื่อนไขที่บริษัทกำหนด
4.จัดทำใบสำคัญจ่าย Pre-payment และแนบเอกสารประกอบการจ่ายเงิน
5.คำนวณการหักภาษี ณ ที่จ่าย และจัดทำหนังสือรับรองการหักภาษี ณ ที่จ่าย
6.จัดทำรายงานภาษีซื้อและภาษีหัก ณ ที่จ่าย (ภ.พ.30, ภงด.3, ภงด.53 และ ภ.พ.36) พร้อมกระทบยอดให้ตรงกับ GL
7.ตรวจสอบความถูกต้องการจัดทำภาษีซื้อและภาษีหัก ณ ที่จ่าย และการยื่นแบบภาษี ภ.พ.30, ภงด.3, ภงด.53 และ ภ.พ.36
8.ตรวจสอบความถูกต้องการจัดทำทะเบียนคุม Accrued Expense และ MA เพื่อใช้ประกอบการจัดทำรายงานการเงินและรายงานงบประมาณ
9.ตรวจสอบความถูกต้องการบันทึกบัญชี เบิก-เคลียร์เงินทดรองจ่าย, เงินสดย่อย, ปรับปรุง และค่าใช้จ่ายอื่นๆ
10.จัดทำทะเบียนคุมเอกสารวางบิลด้านเจ้าหนี้ที่รับ-ส่งคืนในการวางบิลแต่ละรอบ
11.จัดทำทะเบียนคุม Payment Voucher พร้อมจัดเก็บเอกสารบัญชี และสแกนเอกสารด้านจ่ายทุกรายการ
12.คณะกรรมการจัดซื้อจัดจ้างตามที่ได้รับมอบหมาย
13.ประสานงานและติดต่อกับหน่วยงานที่เกี่ยวข้อง เช่น Supplier หน่วยงานภายในบริษัท และปฏิบัติงานอื่น ๆ ตามที่ผู้บังคับบัญชามอบหมาย

ช่องทางติดต่อสอบถามสมัครงาน
1.โทรติดต่อ 02-7646555 ต่อ6203 ,065-7173177 คุณตัวเล็ก
2.Line ID : Rfsrecruit
ทุกวันทำการวันจันทร์ - ศุกร์ ตั้งแต่เวลา 9.30 - 16.30 น.
', 217, 126, '1');
INSERT INTO public.job VALUES (102, 'Account/Finance Manager (ผู้จัดการฝ่ายบัญชีและการเงิน)', '-วางแผน/ออกแบบ/ควบคุมนโยบายทางการบัญชีเพื่อให้สอดคล้องกับเป้าหมายองค์กร 
-ดูแลตรวจสอบรายละเอียดความถูกต้อง วางแผน วิเคราะห์ การทำงานของบัญชี AR,AP,GL,FA,PettyCash,Bank Reconcile
-ดูแลวิเคราะห์งานส่วนบัญชีต้นทุน/คลังสินค้า/ภาษี
-ร่วมพัฒนาประสิทธิภาพของระบบคลังสินค้า
-ปิดงบภายในประจำเดือน/ปี ผ่านระบบ ERP 
-จัดทำรายงานทางบัญชีและวิเคราะห์นำเสนอผู้บริหาร
-ทำงานร่วมกับผู้บริหารในมุมมองของ Business Partner สำหรับการเติบโตทางธุรกิจ
', 217, 127, '1');
INSERT INTO public.job VALUES (103, 'พนักงานบัญชี/bookkeeper/accountant/ผู้ทำบัญชี', 'หน้าที่และรายละเอียดของงาน**สามารถใช้โปรแกรม Express ได้เป็นอย่างดี
1.ทำบัญชีทั่วไปในออฟฟิศ
2.ทำใบแจ้งหนี้/ใบกำกับภาษี
3.ทำบัญชีรายรับ/รายจ่าย
4.ทำบัญชีลูกหนี้/เจ้าหนี้
5.ทำบัญชีเงินสดย่อย
6.ทำหนังสือรับรองหักภาษี ณ ที่จ่าย
7.ทำงบพิสูจน์ยอดเงินฝากธนาคาร(Bank Reconciliation Statement)
8.งานอื่น ๆ ที่ได้รับมอบหมาย
9.จัดทำและนำส่งภาษีประจำเดือน ภงด.1,3,53,54 ภพ.30,36 

สวัสดิการ
1.ประกันสังคม 
2.ค่าทำงานล่วงเวลา(OT)
3.Bonus รายเดือนขึ้นอยู่กับผลประกอบการ
4.หยุด 2 วันต่อสัปดาห์ เสาร์-อาทิตย์', 217, 128, '3');
INSERT INTO public.job VALUES (104, 'บัญชี / เจ้าหน้าที่บัญชีทั่วไป', '1. ควบคุมและตรวจสอบการจัดทำบัญชีที่รับผิดชอบ AP AR GL ฯลฯให้เป็นไปตามระบบงานบัญชีที่วางไว้ 
2. ควบคุมและตรวจสอบการรับ-จ่ายเงินของบริษัท เงินสดย่อย โดยตรวจสอบการบันทึกบัญชี เอกสารเบิกจ่าย เอกสารรับเงิน และรายงานทางการเงินให้ถูกต้องตรงกัน 
3. จัดการฐานข้อมูล รายรับจ่าย ยอดขายในโปรแกรมบัญชีบริษัท 
4. จัดลำดับการเบิกจ่ายเงิน โดยตรวจสอบเงื่อนไขระยะเวลาเครดิตที่ได้รับ และกำกับดูแลให้เป็นไปตามกำหนด 
5. คำนวณสรุปค่าจ้างพนักงานประจำและชั่วคราว (พนักงานประมาณ 15-20 คน) 
6. ควบคุมการจัดทำงบประมาณของบริษัท และตรวจสอบดูแลการใช้งบประมาณให้ถูกต้อง และเป็นไปตามแผนงบประมาณที่วางไว้ 
7. รายงานงบกำไรขาดทุน และรายงานบัญชีต่างๆ ในแต่ละงวดประจำเดือน ให้ถูกต้องตามแนวปฏิบัติที่วางไว้ และนำเสนอ 
8. ดูแลจัดการงานด้านภาษี นำส่ง ภงด ต่าง ๆ 
9. ควบคุมยอดโอนรับเข้ากระทบยอด  Bank Statment   
10. บันทึกบัญชีทรัพย์สิน ตรวจนับทรัพย์สิน และจัดทำรายงานทรัพย์สิน และตรวจเช็คเอกสารบัญชีทรัพย์สิน 
11. รับผิดชอบงานสินค้าคงเหลือ ตรวจนับสินค้าคงเหลือ และจัดทำรายงานสินค้าคงเหลือและคำนวณราคาสินค้าต่อชิ้น 
12 ทำรายละเอียดประกอบงบ,งบดุล, ปิดงบกำไรขาดทุน ประจำ เดือนและประจำปี
13.วางแผนลดค่าใช้จ่ายและต้นทุนจากตัวเลขทางการเงิน

สวัสดิการ
- มีโบนัสแน่นอนในสิ้นปี (ตามผลประกอบการ)
- มีประกันสังคมให้
- ชุด Uniform

', 217, 129, '1');
INSERT INTO public.job VALUES (105, 'Accounts Executive (Junior)', 'Using in house system to prepare accounts receivable related
Using in house system to prepare accounts payable related
Assist with daily accounts administrative matters
Liaise with vendors and customers for accounts related matters', 217, 130, '1');
INSERT INTO public.job VALUES (106, 'วิศวกรโยธา', '- จัดทำเอกสารงานก่อสร้าง
- ควบคุมและดูแลผู้รับเหมาได้ดี
- ควบคุมประมาณราคาได้
- ตรวจสอบและรายงานความก้าวหน้าของงาน เพื่อเสนอผู้บังคับบัญชา , ผู้คุมงาน (Consultant)
- วางแผนงานการก่อสร้างและตรวจสอบให้ดำเนินการถูกต้องตามแบบแปลน 
', 237, 131, '3');
INSERT INTO public.job VALUES (107, 'วิศวกรโยธา(civil engineer)', '1.ศึกษาแผนงานก่อสร้างให้เข้าและดำเนินการตามแผนที่วางไว้
2.จัดสรรงานให้กับทีมงานและผู้รับเหมา
3.ถอดปริมาณงาน เพื่อส่งให้ฝ่ายจัดซื้อวัสดุเตรียมวัสดุเข้าหน้างาน
4.ติดตามวัสดุเข้าหน้างานเพื่อให้ทันตามแผน
5.เคลียร์แบบให้ทีมงานหรือผู้รับเหมาช่วง
6.ควบคุมการก่อสร้างให้เป็นไปตามแผนที่กำหนด
7.ตรวจสอบปริมาณงานและคุณภาพของผู้รับเหมาช่วง
8.จัดทำเอกสารที่ใช้ในโครงการ
9.ประสานงานกับผู้เกี่ยวข้อง ทั้งในและนอกบริษัทฯ เพื่อให้การรับมอบงานและส่งมอบงาน รวมถึงการซ่อมบำรุงให้เป็นไปอย่างมีประสิทธิภาพ', 237, 119, '2');
INSERT INTO public.job VALUES (108, 'วิศวกรโยธา, วิศวกรประมาณราคา', 'วิศวกรโยธาดูแลงานโยธา งานก่อสร้างบ้านและอาคาร
วิศวกรประมาณราคา ดูแลงานประมาณราคา และแบบ', 237, 133, '2');
INSERT INTO public.job VALUES (109, 'Civil Engineer (On-Site)', '- Control PV Solar power plant construction on plan.
- Prepare civil construction procedure.
- Prepare weekly/monthly construction progress report.
- Coordinate subcontractor/3rd party.
- 5-day working per week plus 2-day working per month.', 237, 134, '1');
INSERT INTO public.job VALUES (110, 'โฟร์แมน ประชาอุทิศ90', ' ควบคุม ดูแลงานก่อสร้าง
 ตรวจรับและประสานงานกับผู้รับเหมาก่อสร้าง
 คำนวณปริมาณงานก่อสร้าง
 ส่งมอบงานก่อสร้าง
 งานอื่น ๆ ตามที่ได้รับมอบหมาย', 237, 135, '1');
INSERT INTO public.job VALUES (111, 'พัฒนาธุรกิจ (Team leader)', '1. ศึกษา และวิเคราะห์ ริเริ่มโครงการวิจัย และพัฒนาผลิตภัณฑ์ทางตรง และทางอ้อมจากมะนาว
2. วางแผนโครงการและธุรกิจให้สามารถสร้างรายได้อย่างมีประสิทธิภาพ และคุ้มค่า
3. วิเคราะห์ และวางแผนการตลาดเพื่อเจาะตลาดสินค้าที่ได้พัฒนาและวิจัย
4. วิจัย และพัฒนาผลิตภัณฑ์อื่นๆ ตามที่ได้รับมอบหมาย
5. งานอื่นๆตามที่ผู้บังคับบัญชามอบหมาย
6. ปฏิบัติงานตามระบบบริหารคุณภาพ ISO และปรับปรุงพัฒนางานให้ดีขึ้นเสมอ', 237, 136, '1');
INSERT INTO public.job VALUES (112, 'ผู้จัดการภาคก่อสร้าง (Project engineer)', '- วางแผนการทำงานส่วนก่อสร้าง
- ควบคุมการทำงานของพนักงานในส่วนให้ทำงานตามเป้าหมาย
- อนุมัติงาน และการเบิกจ่ายในส่วน
- ฝึกอบรมพนักงานในส่วนเพื่อเพิ่มประสิทธิภาพในการทำงาน
- ตรวจสอบคุณภาพงาน และวัดผลการทำงานของพนักงานในส่วน
- แก้ไขปัญหา และพัฒนางาน
- ปฏิบัติตามระบบบริหารคุณภาพ ISO และปรับปรุงพัฒนางานให้ดีขึ้นเสมอ
- อื่นๆ ตามที่ผู้บังคับบัญชามอบหมาย', 237, 136, '1อัตรา');
INSERT INTO public.job VALUES (113, 'โฟร์แมนคุมงานก่อสร้าง (ประจำ จ.ชลบุรี)', '1. ควบคุมและตรวจสอบคุณภาพของงานให้ได้ตามมาตรฐาน ตามแบบก่อสร้าง และเป็นไปตามแผนงานที่กำหนด
2. เขียนแบบที่หน้างาน งาน Survey ถอดปริมาณวัสดุ
3. วางแผนวัสดุก่อสร้าง ตรวจสอบของเหลือ และประสานงานเพื่อตามของให้ทันตามกำหนดใช้งาน
4. จัดทำรายงานการก่อสร้าง รายงานความคืบหน้าของงาน พร้อมติดตามงานตามที่ได้รับมอบหมาย พร้อมสรุปข้อมูลนำเสนอต่อผู้บังคับบัญชา
5. งานอื่นๆตามที่ได้รับมอบหมาย', 237, 138, '3');
INSERT INTO public.job VALUES (114, '!วิศวกรควบคุมงานก่อสร้าง (เดินทางต่างจังหวัดได้)', '- ร่วมในการเคลียร์ไซส์ วัดพื้นที่ร้านสาขาที่จะทำการออกแบบก่อสร้างและตกแต่งร้าน เพื่อให้ได้แบบออกมาสมบูรณ์ที่สุด (ตามมาตรฐานการออกแบบร้าน) ไม่มีงานเพิ่ม(ลด)ในส่วนที่ควบคุมได้ 
- ดำเนินการเคลียร์ไซต์ วัดพื้นที่และร่างโครงสร้าง เพื่อส่งมอบให้กับฝ่ายจัดทำแบบ เพื่อจัดทำแบบชุดใหญ่, ทำการตรวจสอบแบบ จัดทำแผนก่อสร้าง ติดตามงานทุกขั้นตอน และกำกับดูแลก่อสร้าง จนสามารถส่งมอบร้านสาขาได้ - จัดทำเอกสารระหว่างการควบคุมงาน เช่น รายงานประจำวัน แบบฟอร์มตรวจงานระหว่างก่อสร้าง จัดทำเอกสารงาน เพิ่ม(ลด) ใบสั่งแก้ไขเร่งรัดงาน ตามมาตรฐานที่กำหนดไว้ในขั้นตอนการทำงานของสำนักพัฒนาร้านสาขา 
- ประสานงานแก้ไขปัญหาหน้างาน ทั้งทางด้านเทคนิค และการจัดการกับหน่วยงานภายใน และภายนอกเพื่อให้ร้านเปิดได้ตามเป้าหมายและแผนงานก่อสร้างที่กำหนด 
- ดำเนินการตรวจสอบคุณภาพงาน และปริมาณงานก่อสร้างตกแต่งร้านของผู้รับเหมา (Contractor) ให้เป็นไปตามมาตรฐาน และเวลาที่กำหนดให้ใน KPI - ร่วมเป็นกรรมการตรวจรับมอบงาน พร้อมทั้งจัดทำเอกสาร การตรวจรับ-ส่งมอบงานร้านสาขาตามมาตรฐานที่กำหนดไว้ในคู่มือขั้นตอนและวิธีการตรวจรับมอบงาน รวมทั้งจัดทำเอกสารประเมินคุณภาพงานผู้รับเหมาก่อสร้าง และผู้ขายอุปกรณ์ 
- ดำเนินการประสานงานนัดหมาย ติดตั้งและตรวจสอบ อุปกรณ์การขายจากผู้ขาย (Supplier) ให้สอดคล้องกับกำหนดการเปิดร้าน ตรวจรับมอบงานและส่งมอบร้านคุณภาพให้กับฝ่ายปฏิบัติการ 
- ดำเนินการตรวจสอบงานค้ำประกันของผู้รับเหมาต่างๆและงานซ่อมในประกันผลงานของผู้รับเหมาและงานซ่อมเกินประกัน 1 ปี เพื่อไม่ให้กระทบต่อการขายของร้านสาขา 
- ให้คำปรึกษาทั้งทางด้านเทคนิค และด้านการจัดการแก่ทีมงานในการปรับปรุงแก้ไขปัญหาหน้างานต่างๆให้เป็นไปตามระยะเวลาที่กำหนดไว้ในแผนงานก่อสร้างตกแต่งร้านสาขานั้นๆ 
- งานอื่น ๆ ที่เกี่ยวข้อง', 237, 139, '5');
INSERT INTO public.job VALUES (115, 'วิศวกรโครงการ (Project engineer)', '- ควบคุมตรวจสอบการทำงานให้ได้ตามรูปแบบ เพื่อให้โครงการที่รับผิดชอบมีคุณภาพตามมาตรฐาน
- ตรวจสอบความถูกต้อง ครบถ้วนของแบบก่อสร้าง 
- วางแผนโครงการก่อสร้าง แผนงาน งบประมาณ ทีมงานและผู้รับเหมา
- ติดตามความคืบหน้างานก่อสร้างอย่างใกล้ชิด สม่ำเสมอ
- แก้ไขปัญหาที่เกิดขึ้นระหว่างการก่อสร้างได้
- ควบคุมการเบิกจ่ายผลงาน งานเพิ่ม-งานลด
- ตรวจรับงานจากผู้รับเหมา
- ประสานงานด้านการก่อสร้างกับหน่วยงานต่างๆ', 237, 140, '1');
INSERT INTO public.job VALUES (116, 'Project Engineer', '1. จัดทำแผนการควบคุมงาน
2. ควบคุมดูแลโครงการให้แล้วเสร็จตามกำหนด
3. วางแผนกำลังพลที่ใช้ในโครงการให้เหมาะสม
4. ควบคุมดูแลการทำงานให้พนักงานทำงานอย่างปลอดภัย
5. เป็นผู้ช่วย Site  Manager บริหาร และควบคุมคุณงาน 
6. Construction  และการบริหาร โดยรวมของบริษัท
6. ติดต่อประสานงานกับลูกค้า
7. จัดทำ Method ที่ใช้ในโครงการเสนอลูกค้า
8. ควบคุมดูแลการทำงานให้มีคุณภาพ
9.รายงานความคืนหน้าโครงการ', 237, 141, '3');
INSERT INTO public.job VALUES (117, 'Site  Engineer', '- ดูแลและควบคุมงานติดตั้งระบบไฟฟ้า, สุขาภิบาล, เครื่องกล โครงการใหม่ ตลอดทั้งโครงการให้ลูกค้าตามแผนการดำเนินการทุกประการ
- ให้คำปรึกษา และแนะนำด้านเทคนิคส่วนต่างๆ
- ติดต่อประสานงานกับเจ้าของโครงการ, ผู้ออกแบบ และผู้รับเหมา ในกรณีที่เกิดปัญหาในขณะดำเนินการ
- ร่วมประชุมที่หน่วยงานระหว่างเจ้าของโครงการการ ผู้ควบคุมงานและผู้รับเหมา
- ตรวจสอบแบบก่อสร้าง Shop  Drawing และแบบก่อสร้างเสมือนจริง As-Built Drawing ก่อนส่งมอบนิติฯ
- ตรวจสอบความเรียบร้อยภายในโครงการก่อสร้าง เพื่อให้เกิดความปลอดภัยในการทำงาน
- ตรวจสอบงวดงาน ตามที่ผู้รับเหมาได้จัดทำเสนอเพื่อสรุปความถูกต้องส่งให้เจ้าของโครงการ 
- จัดทำและตรวจสอบสรุปรายงานความก้าวหน้าของโครงการในแต่ละเดือน เพื่อส่งต่อให้เจ้าของโครงการ
- ประสานงานกับทุกฝ่ายที่เกี่ยวข้อง
- งานอื่นๆ ที่ได้รับมอบหมาย', 237, 142, '1');
INSERT INTO public.job VALUES (118, 'Senior Civil Engineer', '1.ออกแบบ และคำนวณโครงสร้างอาคารทุกประเภท ตามหลักและข้อกำหนดต่างๆ ทางวิศวกรรม 
2.สามารถถอดแบบ รายการวัสดุ เพื่อจัดทำเอกสารประมาณราคางานก่อสร้างอาคารได้ (BOQ)
3.สามารถตรวจสอบ,แก้ไขปัญหา และให้คำแนะนำต่างๆเพื่อให้หน้างานปฏิบัติได้อย่างถูกต้องตามหลักวิศวกรรม
', 237, 143, '1');
INSERT INTO public.job VALUES (119, 'Project Manager กรุงเทพ', '1.บริหารงานก่อสร้างบ้านให้สำเร็จลุล่วงตามเป้าหมายของบริษัทฯ
2.วางแผนงบประมาณการก่อสร้าง,ควบคุมต้นทุน,คุณภาพงานและกำหนดเสร็จทันตามแผนงานหลักโครงการ
3.ติดตามผล แก้ไขปัญหาและอุปสรรคของโครงการ
4.รายงานสรุปความคืบหน้าการก่อสร้างประจำเดือน
5.งานอื่นๆที่ได้รับมอบหมายจากผู้บังคับบัญชา', 237, 144, 'หลายอัตรา');
INSERT INTO public.job VALUES (120, 'วิศวกร', ' (Estimate Engineer)ประมาณราคาก่อสร้า้ง 

-ถอดแบบ,คำนวนราคา และพิมพ์เอกสารขอเข้า-ออกทำงาน
-ประเมินหน้างาน,ทำเอกสารเสนอราคา
-ประสานงานระหว่างแผนกและไซด์งาน
-วางแผนการจัดการงาน
-บริหารควบคุมค่าใช้จ่าย', 237, 145, '2-4');
INSERT INTO public.job VALUES (121, 'วิศวกรสำนักงานปราจีน และ วิศวกรโรงงานแปลงยาว', '- วางแผนการปฏิบัติงานตามที่ได้รับมอบหมาย
- บริหารจัดการต้นทุนด้านต่างๆในการดำเนินงานของโครงการ
- ควบคุมตรวจสอบงาน เอกสารต่างๆที่เกี่ยวข้องกับงานบริหารโครงการ และเอกสารอื่นที่เกี่ยวข้องได้อย่างเป็นระบบและถูกต้อง
- เตรียมแบบ Shop Drawing ในการก่อสร้าง
- ตรวจสอบและสรุปราคางานโครงการหรืองานเพิ่ม-ลด
- จัดทำรายการนำเสนอความคืบหน้าของการบริหารโครงการต่างๆ ให้กับผู้บริหารตามกำหนดเวลาของงานในโครงการ
- ประชุม ติดตาม ควบคุมแผนงาน แก้ไขปัญหา นำเสนอแนวทางแก้ไขต่อผู้บริหาร
', 237, 146, 'อย่างละ');
INSERT INTO public.job VALUES (122, 'Engineer Site', '• Bachelor’s Degree in Mechanical Engineering or any filed related.
• A minimum of 1 years applicable experience working of Piping and Structure Gas and Petrochemical filed or Plant Project 
• Working knowledge of  Planning process and cooperative with team to be  achievement as well. 
• Work hard, Proactive, Team work attitude and Problem solving in a timely manner.
• Possess good interpersonal skills, English communication as preference.
• Able to do Auto CAD program as preference.  

 ทำงานวันจันทร์-วันเสาร์', 237, 147, '5');
INSERT INTO public.job VALUES (123, 'Construction Manager', '- ควบคุมดูแลงานก่อสร้างให้เป็นไปตามแผนงาน ตามมาตรฐานวิชาชีพ และตามหลักวิศวกรรม
- ควบคุมการทำงานของพนักงานในส่วนให้ทำงานตามเป้าหมาย
- จัดทำ BOQ จัดจ้างผู้รับเหมา จัดทำค่าแรงคนงานรายวัน แยก Cost ค่าแรงต่ออาคาร
- มีความรู้ความเข้าใจแบบก่อสร้าง สามารถถอดปริมาณงานและวัสดุที่ใช้ในการทำงานได้อย่างถูกต้อง
- จัดทำ Report นำเสนอแผนการทำงานและข้อมูลการปฏิบัติงานต่อผู้บริหารได้อย่างเป็นรูปธรรม
- วางแผนการทำงานส่วนก่อสร้าง
- อนุมัติงาน และการเบิกจ่ายในส่วน
- ตรวจสอบคุณภาพงาน และวัดผลการทำงานของพนักงานในส่วน
- แก้ไขปัญหา และพัฒนางาน
- ปฏิบัติตามระบบบริหารคุณภาพ ISO และปรับปรุงพัฒนางานให้ดีขึ้นเสมอ
- อื่นๆ ตามที่ผู้บังคับบัญชามอบหมาย', 237, 148, '1');
INSERT INTO public.job VALUES (124, 'วิศวกรควบคุมงาน (Site Engineer) (ปฎิบัติงานประจำโครงการ กรุงเทพฯและปริมณฑล)', 'สมัครผ่าน Jobthai
สมัครผ่าน E-mail ', 237, 149, '2');
INSERT INTO public.job VALUES (126, 'Electrical Engineer', '- ออกแบบ เขียนแบบและถอดแบบ ประเมินราคางานระบบไฟฟ้า
- ดูแลควบคุมการติดตั้งระบบไฟฟ้า
- ควบคุมงานให้เป็นไปตามแผนงานที่วางไว้ ทั้งในด้านระยะเวลา ต้นทุน คุณภาพ และความปลอดภัย
- ควบคุมการทำงานของผู้รับเหมาช่วง ให้เป็นไปตามข้อตกลง แล้วเสร็จตามแผนงาน ถูกต้องตามมาตรฐานวิศวกรรม
และอื่นๆที่ได้รับมอบหมาย"', 257, 151, '4');
INSERT INTO public.job VALUES (127, 'Electrical Project Engineer', '- ปริญญาตรีขึ้นไป สาขา วิศวกรรมไฟฟ้าหรือสาขาที่เกี่ยวข้อง
- มีประสบการณ์ทำงานด้านระบบไฟฟ้าอย่างน้อย 5 ปีขึ้นไป
- สามารถทำงานไซท์ ตจว. ระยะเวลาหลายเดือนได้
- สามารถดูแบบและถอดแบบ ประเมินราคางานระบบไฟฟ้าได้
- สามารถดูแลควบคุมการติดตั้งระบบไฟฟ้า
- มีความรู้ด้าน งานออกแบบและติดตั้ง Solar Rooftop (จะพิจารณาเป็นพิเศษ)
- ควบคุมงานให้เป็นไปตามแผนงานที่วางไว้ ทั้งในด้านระยะเวลา ต้นทุน คุณภาพ และความปลอดภัย
- ควบคุมการทำงานของผู้รับเหมาช่วง ให้เป็นไปตามข้อตกลง แล้วเสร็จตามแผนงาน ถูกต้องตามมาตรฐานวิศวกรรม
และอื่นๆที่ได้รับมอบหมาย"', 257, 151, '2');
INSERT INTO public.job VALUES (128, 'วิศวกรไฟฟ้า(Electrical engineer)', '1. รับผิดชอบในการดูแลและจัดการความคืบหน้าทางวิศวกรรมและความปลอดภัยของวิศวกรรมระบบไฟฟ้าในระหว่างการสร้างโรงงาน
2. รับผิดชอบในการทำข้อมูลทั้งหมดเกี่ยวกับสถานะความคืบหน้าที่แท้จริงของผู้รับเหมาที่เกี่ยวข้องในระหว่างวิศวกรรมระบบไฟฟ้าและรายงานให้ผู้บังคับบัญชาทราบอย่างทันท่วงที
3. รับผิดชอบในการตรวจสอบคุณภาพทางวิศวกรรมทุกขั้นตอนของผู้รับเหมาตามข้อกำหนดภาพวาดการออกแบบของบริษัทฯ
4. รับผิดชอบในการตรวจสอบเหตุผลของการเปลี่ยนแปลงการออกแบบและการเพิ่มปริมาณงานที่เสนอโดยผู้รับเหมาและรายงานต่อผู้บังคับบัญชา', 257, 119, '2');
INSERT INTO public.job VALUES (129, 'วิศวกรไฟฟ้า (Electrical Engineer / System Engineer)', '• ตรวจสอบและทดสอบการติดตั้งระบบไฟฟ้าและระบบควบคุม 
• ออกแบบ ถอดแบบ ประเมินราคางานระบบ และซ่อมบำรุงอุปกรณ์
• สนับสนุนหน่วยงานขายผลิตภัณฑ์ด้าน Technical 
• ให้ข้อมูลผลิตภัณฑ์วิธีการใช้งานกับลูกค้า 
• อื่นๆ ตามผู้บังคับบัญชามอบหมาย
', 257, 154, '2');
INSERT INTO public.job VALUES (130, 'Engineer (Fixed Broadband)', 'Fixed Boardband Network Improvement and Technical Support as following
1. To handle and maintain for Core Network, Access Network (OLT, DSLAM) and Fiber Optic Cable (PON, Splitter).
2. To handle and solve the problem from network fault and customer complaint (technical support).
3. To identify fault and troubleshoot immediately and apply standard resolving processes in the network.
4. To implement automation process and productivity as Artificial intelligence & Machine learning (AI/ML).
5. To support network & customer configuration.
6. To manage validation activities & events for an upcoming priority project in All nodes.
7. To handle and establish preventive maintenance plan and roll out improvement plan.
8. To support technical training and R&D roadmap.
9. To support software programming and application', 263, 157, '1');
INSERT INTO public.job VALUES (131, 'Software Engineer', '- ควบคุมและดูแลระบบ IT ด้านซอฟต์แวร์ของบริษัทเพื่อให้มีความเสถียรภาพในการใช้งานและปลอดภัยจากภัยคุกคามทางไซเบอร์
- พัฒนาระบบโปรแกรม และเครื่องมือต่าง ๆ
- จัดทำแผนควบคุม ทดสอบ ปรับปรุงระบบ และติดตามงานด้านโครงการของ IT
- จัดทำเอกสารและควบคุมดูแลให้สอดคล้องกับระบบมาตรฐานต่าง ๆ
- ควบคุมการสำรองข้อมูลให้มีความพร้อมใช้งานและมีประสิทธิภาพอยู่เสมอ
- ซัพพอร์ตการใช้งานของผู้ใช้งานและแก้ไขปัญหาทางด้าน IT ที่เกิดขึ้น    ', 263, 158, '1');
INSERT INTO public.job VALUES (132, 'Robotics Trainer', '- Lead and deliver STEAM Curriculum Development and training for School 
- STEAM Curriculum Development align with market segment and education trend 
- Finding strategic educator partner in Robotic & AI context 
- Develop high-quality, student-centered lesson plans and classroom activities for high school educators. 
- Align lesson plans to the common core standards. 
- Make Network with Robotic AI , Education in Global 
- Build Robotlab Thailand academic team to the best AI Robotic Institute 
- Work with the latest and greatest technology from 3D printers to humanoid robots. 
- Other tasks assigned 
(ข้อมูลเพิ่มเติม : Robot Lab ALL Wellness ดำเนินการจัดจำหน่ายหุ่นยนต์สำหรับการศึกษา ดังนั้นตำแหน่งนี้ มีหน้าที่สอนและดูแลการทำงานของหุ่นยนต์ ทดสอบ และ วิเคราะห์ ความเป็นไปได้ของการออกแบบ การทำงาน และประสิทธิภาพของอุปกรณ์ พร้อมทั้งค้นคว้าเทคโนโลยีใหม่ ๆ เพื่อตอบโจทย์ หรือหาแนวทางในเชิงเทคนิคของธุรกิจที่จะเป็นไปได้ เพื่อตอบโจทย์ทั้งในด้านการศึกษา และ ด้านธุรกิจอย่างครบถ้วน)', 263, 139, '4');
INSERT INTO public.job VALUES (133, 'Application Specialist Level 4', '- Supports the software development lifecycle. Deploys, configures, and supports Thailand differentiated applications for subsurface digital platform.
- Configures, customizes, and integrates vendor-sourced enterprise software with other internal systems.
- Provides daily operational support for assigned applications by troubleshooting incidents to identify root causes and solutions, identifying and resolving problems, designing and implementing configuration changes and monitoring performance.
- Develops deep domain knowledge by understanding business processes. Ability to elicit business requirements
and translates business needs into fit-for-purpose actionable plans.
- Updates existing code to debug or incorporate minor enhancements, including building a new API.
- Actively participates in an integrated DevOps Team utilizing Agile methodologies with strong change management focus.
- Proactive communication and quick response to production issues and project work. Strong customer focus.
- Monitors interfaces/data loads, administer security, and provide feedback/solutions on application performance.
- Identifies areas for improvement and partners with Software Engineers/team members to address tactical and
strategic issues.
- Develops and maintains support documentation.
- Maintains IP Compliance on systems and software as appropriate.

', 263, 141, '1');
INSERT INTO public.job VALUES (134, 'Presale Engineer (Business Development)', '•Receive and analyze business requirements from customers to find services that serve their needs
•Prepare proposal and presentation documents to present customers.
•Coordinate with internal and external team to identify new business opportunities
•Create project timeline, plan and execute new projects also expand services on existing project
•Prepare reference documents to comply TOR
', 263, 161, '1');
INSERT INTO public.job VALUES (135, 'Software Engineer', 'ประเภทการจ้าง\t: สัญญาจ้าง 3 ปี เมื่อครบสัญญาจะบรรจุเป็นพนักงานประจำให้ทันทีและนับอายุงานต่อเนื่อง
วันและเวลาทำงาน\t: ทำงาน 5 วัน เวลา 8:00 – 17:00

1)\tวิเคราะห์ ออกแบบ พัฒนา และทดสอบ Application รวมถึงเครื่องจักรและอุปกรณ์ต่างๆ
2)\tพัฒนาระบบรับส่งข้อมูลระหว่างเครื่องจักรและอุปกรณ์กับระบบ ERP หรือระบบอื่นๆ
3)\tศึกษาและค้นคว้าเทคโนโลยีที่เหมาะสมกับการดำเนินงานของบริษัท
4)\tจัดหาและประสานงานกับบริษัทผู้พัฒนาระบบและอุปกรณ์ รวมถึงประสานงานกับหน่วยงานที่เกี่ยวข้อง
5)\tจัดทำเอกสารประกอบโปรแกรมและอุปกรณ์ รวมถึงฝึกอบรมการใช้งาน
6)\tให้การสนับสนุนและช่วยเหลืองานภายในฝ่าย IT
7)\tปฏิบัติงานอื่นๆ ตามที่ได้รับมอบหมาย



', 263, 162, '1');
INSERT INTO public.job VALUES (136, 'Pre-sales Engineer', '• ทำงานร่วมกับทีมขายเพื่อสนับสนุนงานขาย ให้คำแนะนำและให้ข้อมูลทางด้านเทคนิคของสินค้า
• ออกแบบโซลูชั่น และประสานงานจัดทำ Bill of Materials (BOM) สำหรับงานโปรเจ็ค
• จัดเตรียมและดูแลการทดสอบสินค้า (Demo)
• จัดทำไฟล์และเอกสารทางด้านเทคนิค ได้แก่ ไฟล์นำเสนอทางด้านเทคนิค เอกสาร POCs เอกสาร Statement of Work (SOW) และ TOR
• เป็นวิทยากรในการจัดอบรม เพื่อให้ความรู้ทางด้านสินค้า หรือ update สินค้าใหม่ให้กับลูกค้า
• สนับสนุนและทำงานร่วมกับทีมการตลาด ในการจัดกิจกรรมทางการตลาดต่างๆ เช่น การจัดอีเว้นท์ การจัดอบรมสินค้า', 263, 163, '1');
INSERT INTO public.job VALUES (137, 'IT Solutionl Pre sales Engineer', '- Working closely with the sales team on proposals and pitches for business.
- Communication with customer (technical topics)
- Planning and proposal document, respond to TOR Compliance, prepare solution documentation and presentations.
- Technical Development (Solution/service development, Communication with vendor)
- Project Management', 263, 164, '1');
INSERT INTO public.job VALUES (138, 'Network Engineer', '1. ออกแบบและควบคุมงานติดตั้งโครงข่าย Fiber Optic
2. ทำเอกสาร Survey , Project Doc, PAT
3. จัดทำแผนงานและรายงานความคืบหน้าให้ผู้บังคับบัญชาทราบ
4. ตรวจสอบและควบคุมการทำงานของผู้รับเหมา
5. ตั้งค่าอุปกรณ์ Network ให้สามารถทำงานได้', 263, 164, '2');
INSERT INTO public.job VALUES (139, 'Network Engineer / Security Engineer', 'Responsibilities include install,perform after-sales services for security and network equipment/system the company sold to customer.Technical knowledge
- Learn all product literature and relate technology perassigned
- Attend all technical training provided by the company

Implementation and Installation
- Implement plan,installation place,equipment needed to perform for customer
- Perform site survey
- prepare equipment,accessories and materials for installation
produce acceptance document, user manual,training manual
- Perform acceptance test with customer
- Provide Training to customer', 263, 166, '4');
INSERT INTO public.job VALUES (140, 'Network Engineer', '•Support Network Operation to coordinate and manage Incident, Request and Change.
•Check and troubleshoot network equipment such as Router, Switch, Access Point, etc. so that they can be used normally according to SLA conditions.
•Check and troubleshoot cable equipment for normal operation according to SLA conditions.
•Check and solve WAN problems by coordinating with service providers such as CAT, TOT, UIH, etc.
•Investigate and fix problems with network intrusion prevention devices such as Internet Firewall, Data Center Firewall, User Firewall, etc.
•Improve and fix Firewall Configuration. to accommodate the needs
•Check and troubleshoot the identification system (Radius Server).
•Check and troubleshoot remote access system (VPN) problems.
•Updated Network Diagram and Network Monitoring.
•Standby outside working hours to provide troubleshooting services. If there is an emergency, you can go into the onsite operation.
', 263, 167, '2');
INSERT INTO public.job VALUES (141, 'Hardware Engineer / IoT Hardware Engineer', '- ออกแบบฮาร์ดแวร์อิเล็กทรอนิกส์ พัฒนาผลิตภัณฑ์ต้นแบบ ในโครงการต่างๆ เช่น Smart Building, Smart Factory, Smart City, IoT Product เป็นต้น
- ให้ข้อเสนอแนะ ปรับปรุงการออกแบบ ประเมินข้อจำกัด ออกแบบข้อกำหนดฮาร์ดแวร์ใหม่ เพื่อให้ได้คุณสมบัติของผลิตภัณฑ์
- สนับสนุนการวางแผนกิจกรรมการออกแบบผลิตภัณฑ์ สนับสนุนทีม R&D ในการรวมเฟิร์มแวร์/ฮาร์ดแวร์/กลไก ค้นหาสำรวจเทคโนโลยีใหม่ เพื่อการพัฒนาปรับปรุงผลิตภัณฑ์
', 263, 168, '2');
INSERT INTO public.job VALUES (142, 'Programmer', '1.ออกแบบ  พัฒนา   แก้ไขปัญหา  แอบพลิเคชั่น  ตามที่ได้รับมอบหมาย 
2.ให้คำปรึกษาการใช้งาน การแก้ไขปัญหา และความรู้ที่จำเป็นต่อลูกค้าและคนอื่นๆภายในองค์กร
3.ศึกษาและค้นคว้าเทคโนโลยีที่เหมาะสมเพื่อพัฒนาสินค้าให้มีคุณภาพที่ดีขึ้น และพัฒนาผลิตภัณฑ์ให้เป็นไปตามเป้าหมายของบริษัท
', 263, 169, '1');
INSERT INTO public.job VALUES (143, 'System Administrator (เจ้าหน้าที่ดูแลระบบสารสนเทศในห้องปฏิบัติการ)', '1. มีความเข้าใจระบบโครงสร้างเน็ทเวิร์คและอุปกรณ์ระบบ (LIS) เป็นอย่างดี
2. ติดตั้งระบบสารสนเทศทางห้องปฏิบัติการ (LIS) และโปรแกรมอื่นๆที่ได้รับมอบหมาย
3. แก้ไขปัญหาการเชื่อมต่อเครื่องตรวจวิเคราะห์กับระบบ i-link และจากระบบ Network ที่ติดตั้งภายในห้องปฏิบัติการ
4. ตั้งค่าและแก้ปัญหา software สำหรับจัดการระบบ network และ server
5. ติดตั้งโปรแกรมสำรองข้อมูล Database, Interface
6. Support แก้ไขปัญหาทางโทรศัพท์, รีโมททางไกลและหน้างาน
7. ให้คำแนะนำการใช้งานและการแก้ไขปัญหาเบื้องต้นให้กับลูกค้า
8. ออกแบบโครงสร้างผังการวางระบบ Network ก่อนการติดตั้งระบบจริง 
9. งานอื่นๆที่ได้รับมอบหมาย
', 263, 170, '1');
INSERT INTO public.job VALUES (144, '*ด่วน!* Network Engineer (IT Engineer, IP Network) Contact: 065-516-3281 K. New', '**รับสมัคร Telecom Engineer หลายอัตรา**
1.) IP Network Engineer (Outsource / Consult)
2.) IT Engineer

รายละเอียดงาน
 - รับผิดชอบงาน Maintenance
 - รับผิดชอบงาน Implement
 - Support ลูกค้าในการแก้ไขปัญหาที่เกิดขึ้น
 - ตรวจเช็ค Equipment/Status network

**สอบถามรายละเอียดงานเพิ่มเติมติดต่อ K.New 065-516-3281 
', 263, 171, 'หลายอัตรา');
INSERT INTO public.job VALUES (145, 'System Engineer ประจำฝ่ายงาน Tooling Engineer', '• ดูแลระบบโครงสร้างของ part/ unit/product (part list) หรือ รุ่นที่ผลิต โดยใช้ระบบควบคุมที่มีระบบฐานข้อมูลและ Software ช่วยในการตรวจสอบชิ้นส่วนรวมถึงการประกอบผิดรุ่น หรือการลืมประกอบ ชิ้นส่วน part,unit หรือตัว Product ก่อนทำการส่งขาย 
• ติดตามและดูแล Tooling ใน Line การผลิต
• ติดตั้งระบบ Tooling สำหรับ Line การผลิตใหม่
• ออกแบบ สร้าง และแก้ไข รวมถึงติดตั้ง Tooling
• สร้างและเปลี่ยนแปลงฐานข้อมูลผลิตภัณฑ์
• สามารถเข้ากะได้ (กะเช้า 08.00-17.00, กะดึก 20.00-05.00, 2 สัปดาห์เปลี่ยนกะ)', 263, 172, '2');
INSERT INTO public.job VALUES (146, 'วิศวกรซอฟต์แวร์', '• ดูแลเรื่องด้านการออกแบบซอฟต์แวร์ สำหรับให้บริการเทคโนโลยีสารสนเทศของบริษัท
• ดูแลเรื่องด้านการการเชื่อมต่อกับฮาร์ดแวร์ที่เกี่ยวข้อง
• ศึกษา วางแผน การพัฒนาซอฟต์แวร์ตามความต้องการของบริษัท
• พัฒนาทีมงานที่เกี่ยวข้องให้มีความสามารถ ความเข้าใจและแก้ไขปัญหาต่าง ๆที่จะเกิดขึ้นได้
• อบรมพนักงานให้มีความรู้ ความเข้าใจ ในการพัฒนาซอฟต์แวร์รวมทั้งฮาร์ดแวร์ขององค์กร
', 263, 173, '3');
INSERT INTO public.job VALUES (147, 'วิศวกรระบบ IoT (IoT Engineer)', '- สามารถ interface อุปกรณ์ IoT กับระบบอัตโนมัติอื่นๆ เช่น เครื่องจักกล แขนกลหุ่นยนต์ เป็นต้น
- สามารถใช้และเขียนคำสั่ง PLC เบื้องต้นได้
- เขี้ยนโปรแกรมเบื้องต้นและ Data Analysis ด้วยภาษา C++,C ,Python, NodeJS หรืออื่นๆ
- ออกแบบ UX/UI สำหรับ Web Application / Mobile Application  

** ปฏิบัติงาน อาคารเอ็นเนอร์ยี่ คอมเพล็กซ์ ถ.วิภาวดี-รังสิต', 263, 174, '1');
INSERT INTO public.job VALUES (148, 'NOC Engineer (UIH) ยินดีรับนักศึกษาจบใหม่', '- ตรวจสอบและเฝ้าระวังเครือข่าย เซิฟเวอร์และอุปกรณ์ต่อพ่วงต่างๆ
- แจ้งปัญหาแก่ผู้รับผิดชอบ ประสานงานผู้ที่เกี่ยวข้องให้รับทราบและดำเนินการแก้ไขต่อไป
- ส่งต่อปัญหาแก่ผู้ชำนาญการในกรณีปัญหาที่ซับซ้อน
- ติดตามแก้ไขตลอดกระบวนการจนงานแล้วเสร็จ', 263, 175, '2');
INSERT INTO public.job VALUES (149, 'วิศวกรบริหารโครงการ Project Management (IT)', '- ควบคุมติดตามการบริหารโครงการ ให้ได้คุณภาพเป็นไปตามแผนงาน มีมาตรฐาน และภายใต้งบประมาณ
ที่ตั้งไว้
- วางแผนภาพรวมโครงการ ทั้งแผนการดำเนินงาน, แผนการเงิน, แผนการจัดซื้อวัสดุ
- ตรวจสอบการดำเนินงาน พัฒนาการของโครงการของโครงการร่วมกับผู้จัดการโครงการ
- พัฒนาโครงการจนแล้วเสร็จอย่างมีคุณภาพ พร้อมส่งมอบให้กับลูกค้า
- ดูแลและพัฒนาพนักงานภายในโครงการให้ทำงานอย่างมีประสิทธิภาพ
- ประสานงานกับหน่วยงานต่าง ๆ ทั้งภายในและภายนอก เพื่อให้การพัฒนาโครงการสำเร็จ-ลุล่วง
- วิเคราะห์ปัญหาให้คำปรึกษากับหน่วยงานอื่น ๆ ทั้งในด้านเทคนิค และบริการ', 263, 176, '1');


--
-- TOC entry 3366 (class 0 OID 0)
-- Dependencies: 215
-- Name: category_id_seq; Type: SEQUENCE SET; Schema: public; Owner: postgres
--

SELECT pg_catalog.setval('public.category_id_seq', 282, true);


--
-- TOC entry 3367 (class 0 OID 0)
-- Dependencies: 217
-- Name: company_id_seq; Type: SEQUENCE SET; Schema: public; Owner: postgres
--

SELECT pg_catalog.setval('public.company_id_seq', 176, true);


--
-- TOC entry 3368 (class 0 OID 0)
-- Dependencies: 219
-- Name: job_id_seq; Type: SEQUENCE SET; Schema: public; Owner: postgres
--

SELECT pg_catalog.setval('public.job_id_seq', 149, true);


--
-- TOC entry 3193 (class 2606 OID 16503)
-- Name: company PK_056f7854a7afdba7cbd6d45fc20; Type: CONSTRAINT; Schema: public; Owner: postgres
--

ALTER TABLE ONLY public.company
    ADD CONSTRAINT "PK_056f7854a7afdba7cbd6d45fc20" PRIMARY KEY (id);


--
-- TOC entry 3205 (class 2606 OID 16505)
-- Name: job PK_98ab1c14ff8d1cf80d18703b92f; Type: CONSTRAINT; Schema: public; Owner: postgres
--

ALTER TABLE ONLY public.job
    ADD CONSTRAINT "PK_98ab1c14ff8d1cf80d18703b92f" PRIMARY KEY (id);


--
-- TOC entry 3187 (class 2606 OID 16507)
-- Name: category PK_9c4e4a89e3674fc9f382d733f03; Type: CONSTRAINT; Schema: public; Owner: postgres
--

ALTER TABLE ONLY public.category
    ADD CONSTRAINT "PK_9c4e4a89e3674fc9f382d733f03" PRIMARY KEY (id);


--
-- TOC entry 3195 (class 2606 OID 16523)
-- Name: company address; Type: CONSTRAINT; Schema: public; Owner: postgres
--

ALTER TABLE ONLY public.company
    ADD CONSTRAINT address UNIQUE (address);


--
-- TOC entry 3189 (class 2606 OID 16529)
-- Name: category categlory_id; Type: CONSTRAINT; Schema: public; Owner: postgres
--

ALTER TABLE ONLY public.category
    ADD CONSTRAINT categlory_id UNIQUE (id);


--
-- TOC entry 3191 (class 2606 OID 16531)
-- Name: category categlory_name; Type: CONSTRAINT; Schema: public; Owner: postgres
--

ALTER TABLE ONLY public.category
    ADD CONSTRAINT categlory_name UNIQUE (category_name);


--
-- TOC entry 3197 (class 2606 OID 16521)
-- Name: company company_name; Type: CONSTRAINT; Schema: public; Owner: postgres
--

ALTER TABLE ONLY public.company
    ADD CONSTRAINT company_name UNIQUE (company_name);


--
-- TOC entry 3199 (class 2606 OID 16525)
-- Name: company contact; Type: CONSTRAINT; Schema: public; Owner: postgres
--

ALTER TABLE ONLY public.company
    ADD CONSTRAINT contact UNIQUE (contact);


--
-- TOC entry 3201 (class 2606 OID 16527)
-- Name: company description; Type: CONSTRAINT; Schema: public; Owner: postgres
--

ALTER TABLE ONLY public.company
    ADD CONSTRAINT description UNIQUE (description);


--
-- TOC entry 3203 (class 2606 OID 16519)
-- Name: company id; Type: CONSTRAINT; Schema: public; Owner: postgres
--

ALTER TABLE ONLY public.company
    ADD CONSTRAINT id UNIQUE (id);


--
-- TOC entry 3208 (class 2606 OID 16508)
-- Name: job FK_ab0702755e36375136d7b54207f; Type: FK CONSTRAINT; Schema: public; Owner: postgres
--

ALTER TABLE ONLY public.job
    ADD CONSTRAINT "FK_ab0702755e36375136d7b54207f" FOREIGN KEY (category_id) REFERENCES public.category(id);


--
-- TOC entry 3209 (class 2606 OID 16513)
-- Name: job FK_e66170573cabd565dab1132727d; Type: FK CONSTRAINT; Schema: public; Owner: postgres
--

ALTER TABLE ONLY public.job
    ADD CONSTRAINT "FK_e66170573cabd565dab1132727d" FOREIGN KEY (company_id) REFERENCES public.company(id);


-- Completed on 2023-03-14 02:37:17

--
-- PostgreSQL database dump complete
--

